base,clouds.all,cod,coord.lat,coord.lon,dt,id,main.humidity,main.pressure,main.temp,main.temp_max,main.temp_min,name,sys.country,sys.id,sys.message,sys.sunrise,sys.sunset,sys.type,visibility,weather,wind.deg,wind.speed,weather.description,weather.icon,weather.id,weather.main
stations,75,200,3.12,101.68,1537664400,1735161,78,1013,301.15,301.15,301.15,Kuala Lumpur,MY,8138,0.0075,1537657350,1537700938,1,10000,"[{'id': 803, 'main': 'Clouds', 'description': 'broken clouds', 'icon': '04d'}]",1,broken clouds,04d,803,Clouds
stations,75,200,3.12,101.68,1537666200,1735161,79,1013,301.62,302.15,301.15,Kuala Lumpur,MY,8132,0.1303,1537657350,1537700937,1,10000,"[{'id': 803, 'main': 'Clouds', 'description': 'broken clouds', 'icon': '04d'}]",1,broken clouds,04d,803,Clouds
stations,75,200,3.12,101.68,1537668000,1735161,66,1013,303.15,303.15,303.15,Kuala Lumpur,MY,8138,0.0055,1537657350,1537700937,1,10000,"[{'id': 803, 'main': 'Clouds', 'description': 'broken clouds', 'icon': '04d'}]",2.1,broken clouds,04d,803,Clouds
stations,75,200,3.12,101.68,1537669800,1735161,66,1013,303.63,304.15,303.15,Kuala Lumpur,MY,8132,0.0046,1537657349,1537700936,1,10000,"[{'id': 803, 'main': 'Clouds', 'description': 'broken clouds', 'icon': '04d'}]",2.1,broken clouds,04d,803,Clouds
stations,75,200,3.12,101.68,1537671600,1735161,62,1013,304.15,304.15,304.15,Kuala Lumpur,MY,8138,0.0187,1537657349,1537700936,1,10000,"[{'id': 803, 'main': 'Clouds', 'description': 'broken clouds', 'icon': '04d'}]",120,2.1,broken clouds,04d,803,Clouds
stations,75,200,3.12,101.68,1537673400,1735161,62,1013,304.15,304.15,304.15,Kuala Lumpur,MY,8132,0.0072,1537657349,1537700935,1,10000,"[{'id': 803, 'main': 'Clouds', 'description': 'broken clouds', 'icon': '04d'}]",170,2.6,broken clouds,04d,803,Clouds
stations,75,200,3.12,101.68,1537675200,1735161,59,1013,304.62,305.15,304.15,Kuala Lumpur,MY,8138,0.0051,1537657348,1537700935,1,10000,"[{'id': 803, 'main': 'Clouds', 'description': 'broken clouds', 'icon': '04d'}]",160,3.1,broken clouds,04d,803,Clouds
stations,75,200,3.12,101.68,1537677000,1735161,70,1012,304.68,305.15,304.15,Kuala Lumpur,MY,8132,0.0052,1537657348,1537700934,1,10000,"[{'id': 803, 'main': 'Clouds', 'description': 'broken clouds', 'icon': '04d'}]",190,3.1,broken clouds,04d,803,Clouds
stations,75,200,3.12,101.68,1537678800,1735161,59,1012,304.62,305.15,304.15,Kuala Lumpur,MY,8138,0.0047,1537657348,1537700934,1,10000,"[{'id': 803, 'main': 'Clouds', 'description': 'broken clouds', 'icon': '04d'}]",140,3.6,broken clouds,04d,803,Clouds
stations,75,200,3.12,101.68,1537680600,1735161,66,1011,304.68,305.15,304.15,Kuala Lumpur,MY,8132,0.0055,1537657347,1537700933,1,10000,"[{'id': 803, 'main': 'Clouds', 'description': 'broken clouds', 'icon': '04d'}]",160,3.6,broken clouds,04d,803,Clouds
stations,75,200,3.12,101.68,1537682400,1735161,62,1011,304.62,305.15,304.15,Kuala Lumpur,MY,8138,0.0064,1537657347,1537700933,1,10000,"[{'id': 803, 'main': 'Clouds', 'description': 'broken clouds', 'icon': '04d'}]",170,4.1,broken clouds,04d,803,Clouds
stations,75,200,3.12,101.68,1537684200,1735161,62,1010,305.15,305.15,305.15,Kuala Lumpur,MY,8132,0.005,1537657346,1537700932,1,10000,"[{'id': 803, 'main': 'Clouds', 'description': 'broken clouds', 'icon': '04d'}]",190,3.6,broken clouds,04d,803,Clouds
stations,75,200,3.12,101.68,1537686000,1735161,62,1010,304.62,305.15,304.15,Kuala Lumpur,MY,8138,0.0058,1537657346,1537700931,1,10000,"[{'id': 803, 'main': 'Clouds', 'description': 'broken clouds', 'icon': '04d'}]",170,4.6,broken clouds,04d,803,Clouds
stations,75,200,3.12,101.68,1537687800,1735161,62,1010,304.68,305.15,304.15,Kuala Lumpur,MY,8132,0.0066,1537657346,1537700931,1,10000,"[{'id': 803, 'main': 'Clouds', 'description': 'broken clouds', 'icon': '04d'}]",160,4.1,broken clouds,04d,803,Clouds
stations,75,200,3.12,101.68,1537689600,1735161,66,1009,304.15,304.15,304.15,Kuala Lumpur,MY,8138,0.0052,1537657345,1537700930,1,10000,"[{'id': 803, 'main': 'Clouds', 'description': 'broken clouds', 'icon': '04d'}]",150,4.6,broken clouds,04d,803,Clouds
stations,75,200,3.12,101.68,1537691400,1735161,66,1009,303.68,304.15,303.15,Kuala Lumpur,MY,8132,0.0058,1537657345,1537700930,1,10000,"[{'id': 803, 'main': 'Clouds', 'description': 'broken clouds', 'icon': '04d'}]",150,3.1,broken clouds,04d,803,Clouds
stations,75,200,3.12,101.68,1537693200,1735161,70,1009,303.15,303.15,303.15,Kuala Lumpur,MY,8138,0.0069,1537657345,1537700929,1,10000,"[{'id': 803, 'main': 'Clouds', 'description': 'broken clouds', 'icon': '04d'}]",100,2.6,broken clouds,04d,803,Clouds
stations,75,200,3.12,101.68,1537695000,1735161,70,1008,303.15,303.15,303.15,Kuala Lumpur,MY,8132,0.0065,1537657345,1537700929,1,10000,"[{'id': 803, 'main': 'Clouds', 'description': 'broken clouds', 'icon': '04d'}]",150,1.5,broken clouds,04d,803,Clouds
stations,75,200,3.12,101.68,1537696800,1735161,74,1008,302.68,303.15,302.15,Kuala Lumpur,MY,8138,0.0081,1537657344,1537700928,1,10000,"[{'id': 803, 'main': 'Clouds', 'description': 'broken clouds', 'icon': '04d'}]",70,1.5,broken clouds,04d,803,Clouds
stations,75,200,3.12,101.68,1537698600,1735161,74,1008,302.62,303.15,302.15,Kuala Lumpur,MY,8132,0.0068,1537657344,1537700928,1,10000,"[{'id': 803, 'main': 'Clouds', 'description': 'broken clouds', 'icon': '04d'}]",1,broken clouds,04d,803,Clouds
stations,75,200,3.12,101.68,1537700400,1735161,74,1009,302.15,302.15,302.15,Kuala Lumpur,MY,8138,0.0333,1537657343,1537700927,1,10000,"[{'id': 803, 'main': 'Clouds', 'description': 'broken clouds', 'icon': '04d'}]",1.5,broken clouds,04d,803,Clouds
stations,75,200,3.12,101.68,1537702200,1735161,79,1008,302.15,302.15,302.15,Kuala Lumpur,MY,8132,0.0318,1537657343,1537700926,1,10000,"[{'id': 803, 'main': 'Clouds', 'description': 'broken clouds', 'icon': '04n'}]",1,broken clouds,04n,803,Clouds
stations,75,200,3.12,101.68,1537704000,1735161,78,1009,301.68,302.15,301.15,Kuala Lumpur,MY,8138,0.0105,1537657343,1537700926,1,10000,"[{'id': 803, 'main': 'Clouds', 'description': 'broken clouds', 'icon': '04n'}]",161,1.16,broken clouds,04n,803,Clouds
stations,75,200,3.12,101.68,1537705800,1735161,79,1010,301.62,302.15,301.15,Kuala Lumpur,MY,8132,0.043,1537657342,1537700925,1,10000,"[{'id': 803, 'main': 'Clouds', 'description': 'broken clouds', 'icon': '04n'}]",161,1.16,broken clouds,04n,803,Clouds
stations,75,200,3.12,101.68,1537707600,1735161,78,1011,301.15,301.15,301.15,Kuala Lumpur,MY,8138,0.0244,1537657342,1537700925,1,10000,"[{'id': 803, 'main': 'Clouds', 'description': 'broken clouds', 'icon': '04n'}]",0.5,broken clouds,04n,803,Clouds
stations,75,200,3.12,101.68,1537709400,1735161,83,1010,301.15,301.15,301.15,Kuala Lumpur,MY,8132,0.0165,1537657342,1537700924,1,10000,"[{'id': 803, 'main': 'Clouds', 'description': 'broken clouds', 'icon': '04n'}]",1,broken clouds,04n,803,Clouds
stations,75,200,3.12,101.68,1537711200,1735161,83,1011,300.15,300.15,300.15,Kuala Lumpur,MY,8138,0.0065,1537657341,1537700924,1,9000,"[{'id': 803, 'main': 'Clouds', 'description': 'broken clouds', 'icon': '04n'}]",320,1.5,broken clouds,04n,803,Clouds
stations,75,200,3.12,101.68,1537713000,1735161,83,1011,300.62,301.15,300.15,Kuala Lumpur,MY,8132,0.0236,1537657341,1537700923,1,10000,"[{'id': 803, 'main': 'Clouds', 'description': 'broken clouds', 'icon': '04n'}]",0.5,broken clouds,04n,803,Clouds
stations,75,200,3.12,101.68,1537714800,1735161,88,1012,299.68,300.15,299.15,Kuala Lumpur,MY,8138,0.0046,1537657341,1537700923,1,9000,"[{'id': 803, 'main': 'Clouds', 'description': 'broken clouds', 'icon': '04n'}]",118.005,2.22,broken clouds,04n,803,Clouds
stations,75,200,3.12,101.68,1537716600,1735161,88,1012,299.62,300.15,299.15,Kuala Lumpur,MY,8132,0.0058,1537657340,1537700922,1,9000,"[{'id': 803, 'main': 'Clouds', 'description': 'broken clouds', 'icon': '04n'}]",1,broken clouds,04n,803,Clouds
stations,75,200,3.12,101.68,1537718400,1735161,88,1013,299.68,300.15,299.15,Kuala Lumpur,MY,8138,0.0067,1537657340,1537700922,1,8000,"[{'id': 803, 'main': 'Clouds', 'description': 'broken clouds', 'icon': '04n'}]",1,broken clouds,04n,803,Clouds
stations,75,200,3.12,101.68,1537720200,1735161,88,1012,299.63,300.15,299.15,Kuala Lumpur,MY,8132,0.0072,1537657340,1537700921,1,9000,"[{'id': 803, 'main': 'Clouds', 'description': 'broken clouds', 'icon': '04n'}]",119.003,1.66,broken clouds,04n,803,Clouds
stations,75,200,3.12,101.68,1537722000,1735161,88,1012,299.68,300.15,299.15,Kuala Lumpur,MY,8138,0.0308,1537657339,1537700921,1,8000,"[{'id': 803, 'main': 'Clouds', 'description': 'broken clouds', 'icon': '04n'}]",119.003,1.66,broken clouds,04n,803,Clouds
stations,75,200,3.12,101.68,1537723800,1735161,88,1011,299.62,300.15,299.15,Kuala Lumpur,MY,8132,0.019,1537657339,1537700920,1,9000,"[{'id': 803, 'main': 'Clouds', 'description': 'broken clouds', 'icon': '04n'}]",1.5,broken clouds,04n,803,Clouds
stations,75,200,3.12,101.68,1537725600,1735161,94,1011,298.68,299.15,298.15,Kuala Lumpur,MY,8138,0.0068,1537657339,1537700919,1,8000,"[{'id': 803, 'main': 'Clouds', 'description': 'broken clouds', 'icon': '04n'}]",119.003,1.66,broken clouds,04n,803,Clouds
stations,75,200,3.12,101.68,1537727400,1735161,88,1010,298.62,299.15,298.15,Kuala Lumpur,MY,8132,0.1621,1537657338,1537700919,1,9000,"[{'id': 803, 'main': 'Clouds', 'description': 'broken clouds', 'icon': '04n'}]",119.003,1.66,broken clouds,04n,803,Clouds
stations,75,200,3.12,101.68,1537729200,1735161,88,1011,298.68,299.15,298.15,Kuala Lumpur,MY,8138,0.0046,1537657338,1537700918,1,6000,"[{'id': 211, 'main': 'Thunderstorm', 'description': 'thunderstorm', 'icon': '11n'}]",1,thunderstorm,11n,211,Thunderstorm
stations,75,200,3.12,101.68,1537731000,1735161,83,1010,298.62,299.15,298.15,Kuala Lumpur,MY,8132,0.0488,1537657338,1537700918,1,9000,"[{'id': 211, 'main': 'Thunderstorm', 'description': 'thunderstorm', 'icon': '11n'}]",1.5,thunderstorm,11n,211,Thunderstorm
stations,75,200,3.12,101.68,1537732800,1735161,94,1011,298.15,298.15,298.15,Kuala Lumpur,MY,8138,0.0089,1537657337,1537700917,1,6000,"[{'id': 803, 'main': 'Clouds', 'description': 'broken clouds', 'icon': '04n'}]",169.004,2.91,broken clouds,04n,803,Clouds
stations,75,200,3.12,101.68,1537734600,1735161,88,1010,298.15,298.15,298.15,Kuala Lumpur,MY,8132,0.0047,1537657337,1537700917,1,9000,"[{'id': 803, 'main': 'Clouds', 'description': 'broken clouds', 'icon': '04n'}]",300,1.5,broken clouds,04n,803,Clouds
stations,75,200,3.12,101.68,1537736400,1735161,88,1010,297.62,298.15,297.15,Kuala Lumpur,MY,8138,0.0474,1537657337,1537700916,1,7000,"[{'id': 803, 'main': 'Clouds', 'description': 'broken clouds', 'icon': '04n'}]",0.5,broken clouds,04n,803,Clouds
stations,75,200,3.12,101.68,1537738200,1735161,94,1009,297.68,298.15,297.15,Kuala Lumpur,MY,8132,0.1692,1537657336,1537700916,1,8000,"[{'id': 803, 'main': 'Clouds', 'description': 'broken clouds', 'icon': '04n'}]",169.004,2.91,broken clouds,04n,803,Clouds
stations,75,200,3.12,101.68,1537740000,1735161,88,1010,297.62,298.15,297.15,Kuala Lumpur,MY,8138,0.0052,1537657336,1537700915,1,8000,"[{'id': 803, 'main': 'Clouds', 'description': 'broken clouds', 'icon': '04n'}]",1.5,broken clouds,04n,803,Clouds
stations,75,200,3.12,101.68,1537741800,1735161,94,1010,297.68,298.15,297.15,Kuala Lumpur,MY,8132,0.0055,1537657336,1537700915,1,10000,"[{'id': 803, 'main': 'Clouds', 'description': 'broken clouds', 'icon': '04n'}]",1,broken clouds,04n,803,Clouds
stations,75,200,3.12,101.68,1537743600,1735161,94,1011,297.15,297.15,297.15,Kuala Lumpur,MY,8138,0.0069,1537657335,1537700914,1,5000,"[{'id': 721, 'main': 'Haze', 'description': 'haze', 'icon': '50n'}]",177.504,2.12,haze,50n,721,Haze
stations,75,200,3.12,101.68,1537745400,1735161,94,1011,297.15,297.15,297.15,Kuala Lumpur,MY,8132,0.0151,1537743735,1537787313,1,7000,"[{'id': 721, 'main': 'Haze', 'description': 'haze', 'icon': '50n'}]",177.504,2.12,haze,50n,721,Haze
stations,75,200,3.12,101.68,1537747200,1735161,88,1012,298.15,298.15,298.15,Kuala Lumpur,MY,8138,0.0056,1537743735,1537787313,1,10000,"[{'id': 803, 'main': 'Clouds', 'description': 'broken clouds', 'icon': '04d'}]",177.504,2.12,broken clouds,04d,803,Clouds
stations,75,200,3.12,101.68,1537749000,1735161,83,1012,299.1,300.15,298.15,Kuala Lumpur,MY,8132,0.1633,1537743734,1537787312,1,7000,"[{'id': 803, 'main': 'Clouds', 'description': 'broken clouds', 'icon': '04d'}]",1,broken clouds,04d,803,Clouds
stations,75,200,3.12,101.68,1537749000,1735161,83,1012,299.09,300.15,298.15,Kuala Lumpur,MY,8132,0.0048,1537743734,1537787312,1,7000,"[{'id': 803, 'main': 'Clouds', 'description': 'broken clouds', 'icon': '04d'}]",1,broken clouds,04d,803,Clouds
stations,75,200,3.12,101.68,1537752600,1735161,70,1013,301.1,302.15,300.15,Kuala Lumpur,MY,8132,0.005,1537743734,1537787311,1,8000,"[{'id': 803, 'main': 'Clouds', 'description': 'broken clouds', 'icon': '04d'}]",1,broken clouds,04d,803,Clouds
stations,75,200,3.12,101.68,1537754400,1735161,74,1013,302.68,303.15,302.15,Kuala Lumpur,MY,8138,0.0044,1537743734,1537787311,1,7000,"[{'id': 803, 'main': 'Clouds', 'description': 'broken clouds', 'icon': '04d'}]",1.5,broken clouds,04d,803,Clouds
stations,75,200,3.12,101.68,1537756200,1735161,58,1013,303.1,304.15,302.15,Kuala Lumpur,MY,8132,0.0148,1537743733,1537787310,1,10000,"[{'id': 803, 'main': 'Clouds', 'description': 'broken clouds', 'icon': '04d'}]",130,2.6,broken clouds,04d,803,Clouds
stations,75,200,3.12,101.68,1537758000,1735161,49,1013,304.62,305.15,304.15,Kuala Lumpur,MY,8138,0.0081,1537743733,1537787310,1,10000,"[{'id': 803, 'main': 'Clouds', 'description': 'broken clouds', 'icon': '04d'}]",140,3.1,broken clouds,04d,803,Clouds
stations,75,200,3.12,101.68,1537759800,1735161,52,1012,305.15,305.15,305.15,Kuala Lumpur,MY,8132,0.0069,1537743733,1537787309,1,10000,"[{'id': 803, 'main': 'Clouds', 'description': 'broken clouds', 'icon': '04d'}]",150,2.6,broken clouds,04d,803,Clouds
stations,75,200,3.12,101.68,1537761600,1735161,49,1012,305.62,306.15,305.15,Kuala Lumpur,MY,8138,0.0092,1537743732,1537787309,1,10000,"[{'id': 803, 'main': 'Clouds', 'description': 'broken clouds', 'icon': '04d'}]",3.1,broken clouds,04d,803,Clouds
stations,75,200,3.12,101.68,1537763400,1735161,55,1011,305.68,306.15,305.15,Kuala Lumpur,MY,8132,0.0055,1537743732,1537787308,1,10000,"[{'id': 803, 'main': 'Clouds', 'description': 'broken clouds', 'icon': '04d'}]",170,3.1,broken clouds,04d,803,Clouds
stations,75,200,3.12,101.68,1537765200,1735161,49,1011,306.62,307.15,306.15,Kuala Lumpur,MY,8138,0.0082,1537743732,1537787308,1,10000,"[{'id': 803, 'main': 'Clouds', 'description': 'broken clouds', 'icon': '04d'}]",2.6,broken clouds,04d,803,Clouds
stations,75,200,3.12,101.68,1537767000,1735161,55,1010,306.68,307.15,306.15,Kuala Lumpur,MY,8132,0.0054,1537743731,1537787307,1,10000,"[{'id': 803, 'main': 'Clouds', 'description': 'broken clouds', 'icon': '04d'}]",180,3.6,broken clouds,04d,803,Clouds
stations,75,200,3.12,101.68,1537768800,1735161,46,1010,306.62,307.15,306.15,Kuala Lumpur,MY,8138,0.0065,1537743731,1537787307,1,10000,"[{'id': 803, 'main': 'Clouds', 'description': 'broken clouds', 'icon': '04d'}]",150,4.1,broken clouds,04d,803,Clouds
stations,75,200,3.12,101.68,1537770600,1735161,62,1009,306.2,307.15,305.15,Kuala Lumpur,MY,8132,0.0064,1537743731,1537787306,1,10000,"[{'id': 803, 'main': 'Clouds', 'description': 'broken clouds', 'icon': '04d'}]",190,3.1,broken clouds,04d,803,Clouds
stations,75,200,3.12,101.68,1537772400,1735161,49,1009,306.09,307.15,305.15,Kuala Lumpur,MY,8138,0.0067,1537743730,1537787305,1,10000,"[{'id': 803, 'main': 'Clouds', 'description': 'broken clouds', 'icon': '04d'}]",150,3.6,broken clouds,04d,803,Clouds
stations,75,200,3.12,101.68,1537774200,1735161,59,1008,306.68,307.15,306.15,Kuala Lumpur,MY,8132,0.0048,1537743730,1537787305,1,10000,"[{'id': 803, 'main': 'Clouds', 'description': 'broken clouds', 'icon': '04d'}]",170,2.6,broken clouds,04d,803,Clouds
stations,75,200,3.12,101.68,1537776000,1735161,49,1008,306.09,307.15,305.15,Kuala Lumpur,MY,8138,0.0064,1537743730,1537787304,1,10000,"[{'id': 803, 'main': 'Clouds', 'description': 'broken clouds', 'icon': '04d'}]",170,3.6,broken clouds,04d,803,Clouds
stations,75,200,3.12,101.68,1537777800,1735161,55,1008,306.68,307.15,306.15,Kuala Lumpur,MY,8132,0.0542,1537743729,1537787304,1,10000,"[{'id': 803, 'main': 'Clouds', 'description': 'broken clouds', 'icon': '04d'}]",170,3.1,broken clouds,04d,803,Clouds
stations,75,200,3.12,101.68,1537779600,1735161,52,1007,306.62,307.15,306.15,Kuala Lumpur,MY,8138,0.0077,1537743729,1537787303,1,10000,"[{'id': 803, 'main': 'Clouds', 'description': 'broken clouds', 'icon': '04d'}]",160,4.1,broken clouds,04d,803,Clouds
stations,75,200,3.12,101.68,1537781400,1735161,59,1007,306.2,307.15,305.15,Kuala Lumpur,MY,8132,0.02,1537743729,1537787303,1,10000,"[{'id': 803, 'main': 'Clouds', 'description': 'broken clouds', 'icon': '04d'}]",170,2.6,broken clouds,04d,803,Clouds
stations,75,200,3.12,101.68,1537783200,1735161,52,1007,305.62,306.15,305.15,Kuala Lumpur,MY,8138,0.2664,1537743728,1537787302,1,10000,"[{'id': 803, 'main': 'Clouds', 'description': 'broken clouds', 'icon': '04d'}]",160,5.1,broken clouds,04d,803,Clouds
stations,75,200,3.12,101.68,1537785000,1735161,62,1007,305.2,306.15,304.15,Kuala Lumpur,MY,8132,0.0053,1537743728,1537787302,1,10000,"[{'id': 803, 'main': 'Clouds', 'description': 'broken clouds', 'icon': '04d'}]",180,1.5,broken clouds,04d,803,Clouds
stations,75,200,3.12,101.68,1537786800,1735161,58,1008,303.62,304.15,303.15,Kuala Lumpur,MY,8138,0.0059,1537743728,1537787301,1,10000,"[{'id': 803, 'main': 'Clouds', 'description': 'broken clouds', 'icon': '04d'}]",170,4.6,broken clouds,04d,803,Clouds
stations,75,200,3.12,101.68,1537788600,1735161,74,1008,303.2,304.15,302.15,Kuala Lumpur,MY,8132,0.0068,1537743727,1537787300,1,10000,"[{'id': 803, 'main': 'Clouds', 'description': 'broken clouds', 'icon': '04n'}]",1.5,broken clouds,04n,803,Clouds
stations,75,200,3.12,101.68,1537790400,1735161,62,1009,302.62,303.15,302.15,Kuala Lumpur,MY,8138,0.0111,1537743727,1537787300,1,10000,"[{'id': 803, 'main': 'Clouds', 'description': 'broken clouds', 'icon': '04n'}]",160,3.6,broken clouds,04n,803,Clouds
stations,75,200,3.12,101.68,1537792200,1735161,78,1009,302.2,303.15,301.15,Kuala Lumpur,MY,8132,0.009,1537743727,1537787299,1,10000,"[{'id': 803, 'main': 'Clouds', 'description': 'broken clouds', 'icon': '04n'}]",170,1.5,broken clouds,04n,803,Clouds
stations,75,200,3.12,101.68,1537794000,1735161,66,1010,302.09,303.15,301.15,Kuala Lumpur,MY,8138,0.008,1537743726,1537787299,1,10000,"[{'id': 803, 'main': 'Clouds', 'description': 'broken clouds', 'icon': '04n'}]",160,2.6,broken clouds,04n,803,Clouds
stations,75,200,3.12,101.68,1537795800,1735161,78,1010,302.2,303.15,301.15,Kuala Lumpur,MY,8132,0.0054,1537743726,1537787298,1,10000,"[{'id': 803, 'main': 'Clouds', 'description': 'broken clouds', 'icon': '04n'}]",160,1.5,broken clouds,04n,803,Clouds
stations,75,200,3.12,101.68,1537797600,1735161,70,1011,301.62,302.15,301.15,Kuala Lumpur,MY,8138,0.0111,1537743726,1537787298,1,10000,"[{'id': 803, 'main': 'Clouds', 'description': 'broken clouds', 'icon': '04n'}]",160,2.1,broken clouds,04n,803,Clouds
stations,75,200,3.12,101.68,1537799400,1735161,83,1011,301.68,302.15,301.15,Kuala Lumpur,MY,8132,0.0066,1537743725,1537787297,1,10000,"[{'id': 803, 'main': 'Clouds', 'description': 'broken clouds', 'icon': '04n'}]",140.503,3.1,broken clouds,04n,803,Clouds
stations,75,200,3.12,101.68,1537801200,1735161,74,1012,300.62,301.15,300.15,Kuala Lumpur,MY,8138,0.0061,1537743725,1537787297,1,10000,"[{'id': 803, 'main': 'Clouds', 'description': 'broken clouds', 'icon': '04n'}]",1,broken clouds,04n,803,Clouds
stations,75,200,3.12,101.68,1537803000,1735161,88,1011,300.68,301.15,300.15,Kuala Lumpur,MY,8132,0.02,1537743725,1537787296,1,9000,"[{'id': 803, 'main': 'Clouds', 'description': 'broken clouds', 'icon': '04n'}]",140.503,3.1,broken clouds,04n,803,Clouds
stations,75,200,3.12,101.68,1537804800,1735161,78,1012,300.62,301.15,300.15,Kuala Lumpur,MY,8138,0.0045,1537743724,1537787296,1,10000,"[{'id': 803, 'main': 'Clouds', 'description': 'broken clouds', 'icon': '04n'}]",140.503,3.1,broken clouds,04n,803,Clouds
stations,75,200,3.12,101.68,1537806600,1735161,83,1011,300.68,301.15,300.15,Kuala Lumpur,MY,8132,0.005,1537743724,1537787295,1,9000,"[{'id': 803, 'main': 'Clouds', 'description': 'broken clouds', 'icon': '04n'}]",1,broken clouds,04n,803,Clouds
stations,75,200,3.12,101.68,1537808400,1735161,83,1012,300.15,300.15,300.15,Kuala Lumpur,MY,8138,0.0067,1537743724,1537787295,1,9000,"[{'id': 803, 'main': 'Clouds', 'description': 'broken clouds', 'icon': '04n'}]",130.51,3.22,broken clouds,04n,803,Clouds
stations,75,200,3.12,101.68,1537810200,1735161,83,1011,300.15,300.15,300.15,Kuala Lumpur,MY,8132,0.0066,1537743723,1537787294,1,9000,"[{'id': 803, 'main': 'Clouds', 'description': 'broken clouds', 'icon': '04n'}]",0.5,broken clouds,04n,803,Clouds
stations,75,200,3.12,101.68,1537812000,1735161,83,1011,300.15,300.15,300.15,Kuala Lumpur,MY,8138,0.0062,1537743723,1537787293,1,9000,"[{'id': 803, 'main': 'Clouds', 'description': 'broken clouds', 'icon': '04n'}]",130.51,3.22,broken clouds,04n,803,Clouds
stations,75,200,3.12,101.68,1537813800,1735161,83,1010,300.15,300.15,300.15,Kuala Lumpur,MY,8132,0.0138,1537743723,1537787293,1,8000,"[{'id': 211, 'main': 'Thunderstorm', 'description': 'thunderstorm', 'icon': '11n'}]",0.5,thunderstorm,11n,211,Thunderstorm
stations,75,200,3.12,101.68,1537815600,1735161,83,1011,299.62,300.15,299.15,Kuala Lumpur,MY,8138,0.0095,1537743722,1537787292,1,8000,"[{'id': 211, 'main': 'Thunderstorm', 'description': 'thunderstorm', 'icon': '11n'}]",130.51,3.22,thunderstorm,11n,211,Thunderstorm
stations,75,200,3.12,101.68,1537817400,1735161,83,1010,299.2,300.15,298.15,Kuala Lumpur,MY,8132,0.0063,1537743722,1537787292,1,9000,"[{'id': 211, 'main': 'Thunderstorm', 'description': 'thunderstorm', 'icon': '11n'}]",0.5,thunderstorm,11n,211,Thunderstorm
stations,75,200,3.12,101.68,1537819200,1735161,83,1010,299.62,300.15,299.15,Kuala Lumpur,MY,8138,0.0074,1537743722,1537787291,1,8000,"[{'id': 211, 'main': 'Thunderstorm', 'description': 'thunderstorm', 'icon': '11n'}]",0.5,thunderstorm,11n,211,Thunderstorm
stations,75,200,3.12,101.68,1537821000,1735161,78,1010,299.68,300.15,299.15,Kuala Lumpur,MY,8132,0.5379,1537743721,1537787291,1,10000,"[{'id': 803, 'main': 'Clouds', 'description': 'broken clouds', 'icon': '04n'}]",130,3.1,broken clouds,04n,803,Clouds
stations,75,200,3.12,101.68,1537822800,1735161,88,1010,298.15,298.15,298.15,Kuala Lumpur,MY,8138,0.0058,1537743721,1537787290,1,1000,"[{'id': 202, 'main': 'Thunderstorm', 'description': 'thunderstorm with heavy rain', 'icon': '11n'}]",210,5.1,thunderstorm with heavy rain,11n,202,Thunderstorm
stations,75,200,3.12,101.68,1537824600,1735161,83,1010,298.15,298.15,298.15,Kuala Lumpur,MY,8132,0.006,1537743721,1537787290,1,10000,"[{'id': 202, 'main': 'Thunderstorm', 'description': 'thunderstorm with heavy rain', 'icon': '11n'}]",122.504,2.61,thunderstorm with heavy rain,11n,202,Thunderstorm
stations,75,200,3.12,101.68,1537826400,1735161,94,1010,297.21,298.15,296.15,Kuala Lumpur,MY,8138,0.0175,1537743720,1537787289,1,8000,"[{'id': 500, 'main': 'Rain', 'description': 'light rain', 'icon': '10n'}]",122.504,2.61,light rain,10n,500,Rain
stations,75,200,3.12,101.68,1537828200,1735161,83,1010,297.1,298.15,296.15,Kuala Lumpur,MY,8132,0.0161,1537743720,1537787289,1,10000,"[{'id': 500, 'main': 'Rain', 'description': 'light rain', 'icon': '10n'}]",1.5,light rain,10n,500,Rain
stations,75,200,3.12,101.68,1537830000,1735161,94,1010,297.21,298.15,296.15,Kuala Lumpur,MY,8138,0.0577,1537743720,1537787288,1,6000,"[{'id': 803, 'main': 'Clouds', 'description': 'broken clouds', 'icon': '04n'}]",141.003,2.41,broken clouds,04n,803,Clouds
stations,75,200,3.12,101.68,1537831800,1735161,83,1010,297.1,298.15,296.15,Kuala Lumpur,MY,8132,0.0059,1537830119,1537873688,1,10000,"[{'id': 803, 'main': 'Clouds', 'description': 'broken clouds', 'icon': '04n'}]",60,1.5,broken clouds,04n,803,Clouds
stations,75,200,3.12,101.68,1537833600,1735161,94,1011,298.21,299.15,297.15,Kuala Lumpur,MY,8138,0.0078,1537830119,1537873687,1,8000,"[{'id': 803, 'main': 'Clouds', 'description': 'broken clouds', 'icon': '04d'}]",141.003,2.41,broken clouds,04d,803,Clouds
stations,75,200,3.12,101.68,1537835400,1735161,78,1011,298.57,300.15,297.15,Kuala Lumpur,MY,8132,0.0065,1537830119,1537873687,1,10000,"[{'id': 803, 'main': 'Clouds', 'description': 'broken clouds', 'icon': '04d'}]",0.5,broken clouds,04d,803,Clouds
stations,75,200,3.12,101.68,1537837200,1735161,78,1012,300.68,301.15,300.15,Kuala Lumpur,MY,8138,0.0056,1537830118,1537873686,1,10000,"[{'id': 803, 'main': 'Clouds', 'description': 'broken clouds', 'icon': '04d'}]",1.5,broken clouds,04d,803,Clouds
stations,75,200,3.12,101.68,1537839000,1735161,74,1012,301.1,302.15,300.15,Kuala Lumpur,MY,8132,0.0053,1537830118,1537873685,1,10000,"[{'id': 803, 'main': 'Clouds', 'description': 'broken clouds', 'icon': '04d'}]",160,2.1,broken clouds,04d,803,Clouds
stations,75,200,3.12,101.68,1537840800,1735161,70,1012,302.68,303.15,302.15,Kuala Lumpur,MY,8138,0.0054,1537830118,1537873685,1,10000,"[{'id': 803, 'main': 'Clouds', 'description': 'broken clouds', 'icon': '04d'}]",140,2.6,broken clouds,04d,803,Clouds
stations,75,200,3.12,101.68,1537842600,1735161,70,1012,302.62,303.15,302.15,Kuala Lumpur,MY,8132,0.0093,1537830117,1537873684,1,10000,"[{'id': 803, 'main': 'Clouds', 'description': 'broken clouds', 'icon': '04d'}]",2.6,broken clouds,04d,803,Clouds
stations,75,200,3.12,101.68,1537844400,1735161,66,1012,303.62,304.15,303.15,Kuala Lumpur,MY,8138,0.0072,1537830117,1537873684,1,10000,"[{'id': 803, 'main': 'Clouds', 'description': 'broken clouds', 'icon': '04d'}]",160,3.1,broken clouds,04d,803,Clouds
stations,75,200,3.12,101.68,1537846200,1735161,66,1012,304.15,304.15,304.15,Kuala Lumpur,MY,8132,0.0048,1537830117,1537873683,1,10000,"[{'id': 803, 'main': 'Clouds', 'description': 'broken clouds', 'icon': '04d'}]",140,2.6,broken clouds,04d,803,Clouds
stations,75,200,3.12,101.68,1537848000,1735161,62,1012,304.15,304.15,304.15,Kuala Lumpur,MY,8138,0.006,1537830116,1537873683,1,10000,"[{'id': 803, 'main': 'Clouds', 'description': 'broken clouds', 'icon': '04d'}]",170,3.6,broken clouds,04d,803,Clouds
stations,75,200,3.12,101.68,1537849800,1735161,62,1011,304.62,305.15,304.15,Kuala Lumpur,MY,8132,0.0058,1537830116,1537873682,1,10000,"[{'id': 803, 'main': 'Clouds', 'description': 'broken clouds', 'icon': '04d'}]",160,2.6,broken clouds,04d,803,Clouds
stations,75,200,3.12,101.68,1537851600,1735161,55,1011,305.62,306.15,305.15,Kuala Lumpur,MY,8138,0.0061,1537830116,1537873682,1,10000,"[{'id': 803, 'main': 'Clouds', 'description': 'broken clouds', 'icon': '04d'}]",3.1,broken clouds,04d,803,Clouds
stations,75,200,3.12,101.68,1537853400,1735161,66,1010,305.68,306.15,305.15,Kuala Lumpur,MY,8132,0.007,1537830115,1537873681,1,10000,"[{'id': 803, 'main': 'Clouds', 'description': 'broken clouds', 'icon': '04d'}]",180,3.1,broken clouds,04d,803,Clouds
stations,75,200,3.12,101.68,1537855200,1735161,55,1010,305.62,306.15,305.15,Kuala Lumpur,MY,8138,0.0067,1537830115,1537873681,1,10000,"[{'id': 803, 'main': 'Clouds', 'description': 'broken clouds', 'icon': '04d'}]",170,3.1,broken clouds,04d,803,Clouds
stations,75,200,3.12,101.68,1537857000,1735161,62,1009,305.68,306.15,305.15,Kuala Lumpur,MY,8132,0.006,1537830115,1537873680,1,10000,"[{'id': 803, 'main': 'Clouds', 'description': 'broken clouds', 'icon': '04d'}]",3.1,broken clouds,04d,803,Clouds
stations,75,200,3.12,101.68,1537858800,1735161,59,1008,305.62,306.15,305.15,Kuala Lumpur,MY,8138,0.0063,1537830114,1537873680,1,10000,"[{'id': 803, 'main': 'Clouds', 'description': 'broken clouds', 'icon': '04d'}]",190,3.6,broken clouds,04d,803,Clouds
stations,75,200,3.12,101.68,1537860600,1735161,59,1007,305.68,306.15,305.15,Kuala Lumpur,MY,8132,0.0069,1537830114,1537873679,1,10000,"[{'id': 803, 'main': 'Clouds', 'description': 'broken clouds', 'icon': '04d'}]",180,3.1,broken clouds,04d,803,Clouds
stations,75,200,3.12,101.68,1537862400,1735161,55,1007,305.62,306.15,305.15,Kuala Lumpur,MY,8138,0.007,1537830114,1537873678,1,10000,"[{'id': 803, 'main': 'Clouds', 'description': 'broken clouds', 'icon': '04d'}]",180,4.6,broken clouds,04d,803,Clouds
stations,75,200,3.12,101.68,1537864200,1735161,59,1006,305.68,306.15,305.15,Kuala Lumpur,MY,8132,0.0059,1537830113,1537873678,1,10000,"[{'id': 803, 'main': 'Clouds', 'description': 'broken clouds', 'icon': '04d'}]",180,3.1,broken clouds,04d,803,Clouds
stations,75,200,3.12,101.68,1537866000,1735161,52,1007,305.62,306.15,305.15,Kuala Lumpur,MY,8138,0.0081,1537830113,1537873677,1,10000,"[{'id': 803, 'main': 'Clouds', 'description': 'broken clouds', 'icon': '04d'}]",190,4.6,broken clouds,04d,803,Clouds
stations,40,200,3.12,101.68,1537867800,1735161,62,1006,305.2,306.15,304.15,Kuala Lumpur,MY,8132,0.0085,1537830113,1537873677,1,10000,"[{'id': 802, 'main': 'Clouds', 'description': 'scattered clouds', 'icon': '03d'}]",200,2.1,scattered clouds,03d,802,Clouds
stations,75,200,3.12,101.68,1537869600,1735161,55,1007,304.62,305.15,304.15,Kuala Lumpur,MY,8138,0.007,1537830112,1537873676,1,10000,"[{'id': 803, 'main': 'Clouds', 'description': 'broken clouds', 'icon': '04d'}]",230,2.6,broken clouds,04d,803,Clouds
stations,75,200,3.12,101.68,1537871400,1735161,66,1007,304.68,305.15,304.15,Kuala Lumpur,MY,8132,0.0049,1537830112,1537873676,1,10000,"[{'id': 803, 'main': 'Clouds', 'description': 'broken clouds', 'icon': '04d'}]",1,broken clouds,04d,803,Clouds
stations,75,200,3.12,101.68,1537873200,1735161,78,1008,302.21,303.15,301.15,Kuala Lumpur,MY,8138,0.0171,1537830112,1537873675,1,7000,"[{'id': 803, 'main': 'Clouds', 'description': 'broken clouds', 'icon': '04d'}]",360,2.6,broken clouds,04d,803,Clouds
stations,75,200,3.12,101.68,1537875000,1735161,74,1008,302.1,303.15,301.15,Kuala Lumpur,MY,8132,0.0057,1537830111,1537873675,1,10000,"[{'id': 803, 'main': 'Clouds', 'description': 'broken clouds', 'icon': '04n'}]",1,broken clouds,04n,803,Clouds
stations,75,200,3.12,101.68,1537876800,1735161,78,1009,301.68,302.15,301.15,Kuala Lumpur,MY,8138,0.0599,1537830111,1537873674,1,8000,"[{'id': 803, 'main': 'Clouds', 'description': 'broken clouds', 'icon': '04n'}]",1,broken clouds,04n,803,Clouds
stations,75,200,3.12,101.68,1537878600,1735161,79,1009,301.62,302.15,301.15,Kuala Lumpur,MY,8132,0.0142,1537830111,1537873674,1,10000,"[{'id': 803, 'main': 'Clouds', 'description': 'broken clouds', 'icon': '04n'}]",0.5,broken clouds,04n,803,Clouds
stations,75,200,3.12,101.68,1537880400,1735161,78,1010,301.15,301.15,301.15,Kuala Lumpur,MY,8138,0.0071,1537830110,1537873673,1,10000,"[{'id': 803, 'main': 'Clouds', 'description': 'broken clouds', 'icon': '04n'}]",340,2.1,broken clouds,04n,803,Clouds
stations,75,200,3.12,101.68,1537882200,1735161,83,1009,301.15,301.15,301.15,Kuala Lumpur,MY,8132,0.0055,1537830110,1537873672,1,9000,"[{'id': 803, 'main': 'Clouds', 'description': 'broken clouds', 'icon': '04n'}]",19.0027,0.96,broken clouds,04n,803,Clouds
stations,75,200,3.12,101.68,1537884000,1735161,83,1011,300.68,301.15,300.15,Kuala Lumpur,MY,8138,0.0066,1537830110,1537873672,1,8000,"[{'id': 803, 'main': 'Clouds', 'description': 'broken clouds', 'icon': '04n'}]",1,broken clouds,04n,803,Clouds
stations,75,200,3.12,101.68,1537885800,1735161,83,1010,300.62,301.15,300.15,Kuala Lumpur,MY,8132,0.0052,1537830109,1537873671,1,8000,"[{'id': 803, 'main': 'Clouds', 'description': 'broken clouds', 'icon': '04n'}]",19.0027,0.96,broken clouds,04n,803,Clouds
stations,75,200,3.12,101.68,1537887600,1735161,83,1011,300.68,301.15,300.15,Kuala Lumpur,MY,8138,0.0079,1537830109,1537873671,1,7000,"[{'id': 803, 'main': 'Clouds', 'description': 'broken clouds', 'icon': '04n'}]",1,broken clouds,04n,803,Clouds
stations,75,200,3.12,101.68,1537889400,1735161,78,1011,300.62,301.15,300.15,Kuala Lumpur,MY,8132,0.0085,1537830109,1537873670,1,8000,"[{'id': 803, 'main': 'Clouds', 'description': 'broken clouds', 'icon': '04n'}]",1.5,broken clouds,04n,803,Clouds
stations,75,200,3.12,101.68,1537891200,1735161,83,1011,300.68,301.15,300.15,Kuala Lumpur,MY,8138,0.0047,1537830109,1537873670,1,6000,"[{'id': 803, 'main': 'Clouds', 'description': 'broken clouds', 'icon': '04n'}]",19.0027,0.96,broken clouds,04n,803,Clouds
stations,75,200,3.12,101.68,1537893000,1735161,83,1010,300.15,300.15,300.15,Kuala Lumpur,MY,8132,0.0069,1537830108,1537873669,1,7000,"[{'id': 803, 'main': 'Clouds', 'description': 'broken clouds', 'icon': '04n'}]",60,1.5,broken clouds,04n,803,Clouds
stations,75,200,3.12,101.68,1537894800,1735161,83,1010,300.15,300.15,300.15,Kuala Lumpur,MY,8138,0.0093,1537830108,1537873669,1,7000,"[{'id': 803, 'main': 'Clouds', 'description': 'broken clouds', 'icon': '04n'}]",0.501038,0.88,broken clouds,04n,803,Clouds
stations,75,200,3.12,101.68,1537896600,1735161,83,1010,300.15,300.15,300.15,Kuala Lumpur,MY,8132,0.0146,1537830108,1537873668,1,7000,"[{'id': 803, 'main': 'Clouds', 'description': 'broken clouds', 'icon': '04n'}]",0.501038,0.88,broken clouds,04n,803,Clouds
stations,75,200,3.12,101.68,1537898400,1735161,88,1010,299.68,300.15,299.15,Kuala Lumpur,MY,8138,0.0069,1537830107,1537873668,1,7000,"[{'id': 803, 'main': 'Clouds', 'description': 'broken clouds', 'icon': '04n'}]",0.501038,0.88,broken clouds,04n,803,Clouds
stations,75,200,3.12,101.68,1537900200,1735161,83,1008,299.62,300.15,299.15,Kuala Lumpur,MY,8132,0.0052,1537830107,1537873667,1,7000,"[{'id': 803, 'main': 'Clouds', 'description': 'broken clouds', 'icon': '04n'}]",1.5,broken clouds,04n,803,Clouds
stations,75,200,3.12,101.68,1537902000,1735161,83,1009,299.15,299.15,299.15,Kuala Lumpur,MY,8138,0.0049,1537830107,1537873667,1,8000,"[{'id': 803, 'main': 'Clouds', 'description': 'broken clouds', 'icon': '04n'}]",0.5,broken clouds,04n,803,Clouds
stations,75,200,3.12,101.68,1537903800,1735161,88,1008,299.15,299.15,299.15,Kuala Lumpur,MY,8132,0.005,1537830106,1537873666,1,8000,"[{'id': 803, 'main': 'Clouds', 'description': 'broken clouds', 'icon': '04n'}]",1,broken clouds,04n,803,Clouds
stations,75,200,3.12,101.68,1537905600,1735161,88,1009,299.15,299.15,299.15,Kuala Lumpur,MY,8138,0.0044,1537830106,1537873666,1,6000,"[{'id': 803, 'main': 'Clouds', 'description': 'broken clouds', 'icon': '04n'}]",206,1.97,broken clouds,04n,803,Clouds
stations,75,200,3.12,101.68,1537907400,1735161,88,1008,299.15,299.15,299.15,Kuala Lumpur,MY,8132,0.0072,1537830106,1537873665,1,7000,"[{'id': 803, 'main': 'Clouds', 'description': 'broken clouds', 'icon': '04n'}]",1,broken clouds,04n,803,Clouds
stations,75,200,3.12,101.68,1537909200,1735161,88,1009,298.68,299.15,298.15,Kuala Lumpur,MY,8138,0.0169,1537830105,1537873664,1,7000,"[{'id': 803, 'main': 'Clouds', 'description': 'broken clouds', 'icon': '04n'}]",206,1.97,broken clouds,04n,803,Clouds
stations,75,200,3.12,101.68,1537911000,1735161,88,1008,298.62,299.15,298.15,Kuala Lumpur,MY,8132,0.0075,1537830105,1537873664,1,7000,"[{'id': 803, 'main': 'Clouds', 'description': 'broken clouds', 'icon': '04n'}]",1.5,broken clouds,04n,803,Clouds
stations,75,200,3.12,101.68,1537912800,1735161,88,1009,298.15,298.15,298.15,Kuala Lumpur,MY,8138,0.0072,1537830105,1537873663,1,4000,"[{'id': 721, 'main': 'Haze', 'description': 'haze', 'icon': '50n'}]",1,haze,50n,721,Haze
stations,75,200,3.12,101.68,1537914600,1735161,94,1009,298.15,298.15,298.15,Kuala Lumpur,MY,8132,0.008,1537830104,1537873663,1,6000,"[{'id': 721, 'main': 'Haze', 'description': 'haze', 'icon': '50n'}]",1.5,haze,50n,721,Haze
stations,75,200,3.12,101.68,1537916400,1735161,94,1010,298.15,298.15,298.15,Kuala Lumpur,MY,8138,0.006,1537830104,1537873662,1,4000,"[{'id': 721, 'main': 'Haze', 'description': 'haze', 'icon': '50n'}]",1.5,haze,50n,721,Haze
stations,75,200,3.12,101.68,1537918200,1735161,94,1010,298.15,298.15,298.15,Kuala Lumpur,MY,8132,0.0053,1537916504,1537960062,1,6000,"[{'id': 721, 'main': 'Haze', 'description': 'haze', 'icon': '50n'}]",1,haze,50n,721,Haze
stations,75,200,3.12,101.68,1537920000,1735161,88,1011,298.68,299.15,298.15,Kuala Lumpur,MY,8138,0.0188,1537916503,1537960061,1,3000,"[{'id': 721, 'main': 'Haze', 'description': 'haze', 'icon': '50d'}]",1,haze,50d,721,Haze
stations,75,200,3.12,101.68,1537921800,1735161,88,1011,298.62,299.15,298.15,Kuala Lumpur,MY,8132,0.0047,1537916503,1537960061,1,6000,"[{'id': 721, 'main': 'Haze', 'description': 'haze', 'icon': '50d'}]",0.5,haze,50d,721,Haze
stations,75,200,3.12,101.68,1537923600,1735161,83,1011,300.15,300.15,300.15,Kuala Lumpur,MY,8138,0.0053,1537916503,1537960060,1,3000,"[{'id': 721, 'main': 'Haze', 'description': 'haze', 'icon': '50d'}]",0.5,haze,50d,721,Haze
stations,75,200,3.12,101.68,1537925400,1735161,74,1011,301.1,302.15,300.15,Kuala Lumpur,MY,8132,0.0061,1537916502,1537960060,1,7000,"[{'id': 721, 'main': 'Haze', 'description': 'haze', 'icon': '50d'}]",1,haze,50d,721,Haze
stations,75,200,3.12,101.68,1537925400,1735161,74,1011,301.09,302.15,300.15,Kuala Lumpur,MY,8132,0.0069,1537916502,1537960059,1,7000,"[{'id': 721, 'main': 'Haze', 'description': 'haze', 'icon': '50d'}]",1,haze,50d,721,Haze
stations,75,200,3.12,101.68,1537927200,1735161,79,1012,302.15,302.15,302.15,Kuala Lumpur,MY,8138,0.005,1537916502,1537960059,1,3000,"[{'id': 721, 'main': 'Haze', 'description': 'haze', 'icon': '50d'}]",1.5,haze,50d,721,Haze
stations,75,200,3.12,101.68,1537929000,1735161,74,1012,302.62,303.15,302.15,Kuala Lumpur,MY,8132,0.0257,1537916501,1537960058,1,9000,"[{'id': 721, 'main': 'Haze', 'description': 'haze', 'icon': '50d'}]",1.5,haze,50d,721,Haze
stations,75,200,3.12,101.68,1537930800,1735161,70,1012,303.15,303.15,303.15,Kuala Lumpur,MY,8138,0.0072,1537916501,1537960058,1,5000,"[{'id': 721, 'main': 'Haze', 'description': 'haze', 'icon': '50d'}]",1.5,haze,50d,721,Haze
stations,75,200,3.12,101.68,1537932600,1735161,79,1011,302.68,303.15,302.15,Kuala Lumpur,MY,8132,0.013,1537916501,1537960057,1,10000,"[{'id': 721, 'main': 'Haze', 'description': 'haze', 'icon': '50d'}]",200,2.1,haze,50d,721,Haze
stations,75,200,3.12,101.68,1537936200,1735161,74,1011,304.2,305.15,303.15,Kuala Lumpur,MY,8132,0.0046,1537916500,1537960057,1,10000,"[{'id': 803, 'main': 'Clouds', 'description': 'broken clouds', 'icon': '04d'}]",220,3.1,broken clouds,04d,803,Clouds
stations,75,200,3.12,101.68,1537938000,1735161,66,1010,304.15,304.15,304.15,Kuala Lumpur,MY,8138,0.0055,1537916500,1537960056,1,10000,"[{'id': 803, 'main': 'Clouds', 'description': 'broken clouds', 'icon': '04d'}]",230,4.6,broken clouds,04d,803,Clouds
stations,75,200,3.12,101.68,1537939800,1735161,70,1010,304.15,304.15,304.15,Kuala Lumpur,MY,8132,0.0051,1537916500,1537960055,1,10000,"[{'id': 803, 'main': 'Clouds', 'description': 'broken clouds', 'icon': '04d'}]",190,3.6,broken clouds,04d,803,Clouds
stations,75,200,3.12,101.68,1537941600,1735161,74,1009,303.68,304.15,303.15,Kuala Lumpur,MY,8138,0.0072,1537916499,1537960055,1,9000,"[{'id': 803, 'main': 'Clouds', 'description': 'broken clouds', 'icon': '04d'}]",230,3.6,broken clouds,04d,803,Clouds
stations,75,200,3.12,101.68,1537943400,1735161,66,1008,303.62,304.15,303.15,Kuala Lumpur,MY,8132,0.0055,1537916499,1537960054,1,10000,"[{'id': 803, 'main': 'Clouds', 'description': 'broken clouds', 'icon': '04d'}]",190,3.6,broken clouds,04d,803,Clouds
stations,75,200,3.12,101.68,1537945200,1735161,66,1008,304.62,305.15,304.15,Kuala Lumpur,MY,8138,0.0067,1537916499,1537960054,1,10000,"[{'id': 803, 'main': 'Clouds', 'description': 'broken clouds', 'icon': '04d'}]",220,5.1,broken clouds,04d,803,Clouds
stations,75,200,3.12,101.68,1537947000,1735161,66,1007,304.68,305.15,304.15,Kuala Lumpur,MY,8132,0.0296,1537916498,1537960053,1,10000,"[{'id': 803, 'main': 'Clouds', 'description': 'broken clouds', 'icon': '04d'}]",200,3.6,broken clouds,04d,803,Clouds
stations,75,200,3.12,101.68,1537948800,1735161,70,1007,304.15,304.15,304.15,Kuala Lumpur,MY,8138,0.0049,1537916498,1537960053,1,10000,"[{'id': 211, 'main': 'Thunderstorm', 'description': 'thunderstorm', 'icon': '11d'}]",240,4.6,thunderstorm,11d,211,Thunderstorm
stations,75,200,3.12,101.68,1537950600,1735161,66,1007,304.15,304.15,304.15,Kuala Lumpur,MY,8132,0.0125,1537916498,1537960052,1,10000,"[{'id': 211, 'main': 'Thunderstorm', 'description': 'thunderstorm', 'icon': '11d'}]",200,3.1,thunderstorm,11d,211,Thunderstorm
stations,90,200,3.12,101.68,1537952400,1735161,94,1008,299.86,303.15,296.15,Kuala Lumpur,MY,8138,0.006,1537916497,1537960052,1,1500,"[{'id': 202, 'main': 'Thunderstorm', 'description': 'thunderstorm with heavy rain', 'icon': '11d'}]",340,3.6,thunderstorm with heavy rain,11d,202,Thunderstorm
stations,75,200,3.12,101.68,1537954200,1735161,70,1007,299.46,303.15,296.15,Kuala Lumpur,MY,8132,0.0135,1537916497,1537960051,1,10000,"[{'id': 202, 'main': 'Thunderstorm', 'description': 'thunderstorm with heavy rain', 'icon': '11d'}]",220,2.6,thunderstorm with heavy rain,11d,202,Thunderstorm
stations,90,200,3.12,101.68,1537956000,1735161,94,1009,299.33,302.15,296.15,Kuala Lumpur,MY,8138,0.0057,1537916497,1537960051,1,7000,"[{'id': 200, 'main': 'Thunderstorm', 'description': 'thunderstorm with light rain', 'icon': '11d'}]",1.5,thunderstorm with light rain,11d,200,Thunderstorm
stations,75,200,3.12,101.68,1537957800,1735161,79,1008,298.99,302.15,296.15,Kuala Lumpur,MY,8132,0.0047,1537916496,1537960050,1,10000,"[{'id': 211, 'main': 'Thunderstorm', 'description': 'thunderstorm', 'icon': '11d'}]",1,thunderstorm,11d,211,Thunderstorm
stations,75,200,3.12,101.68,1537959600,1735161,100,1009,299.33,302.15,296.15,Kuala Lumpur,MY,8138,0.0077,1537916496,1537960049,1,7000,"[{'id': 200, 'main': 'Thunderstorm', 'description': 'thunderstorm with light rain', 'icon': '11d'}]",0.5,thunderstorm with light rain,11d,200,Thunderstorm
stations,75,200,3.12,101.68,1537961400,1735161,74,1009,298.52,301.15,296.15,Kuala Lumpur,MY,8132,0.0065,1537916496,1537960049,1,10000,"[{'id': 200, 'main': 'Thunderstorm', 'description': 'thunderstorm with light rain', 'icon': '11n'}]",340,2.1,thunderstorm with light rain,11n,200,Thunderstorm
stations,90,200,3.12,101.68,1537963200,1735161,94,1010,298.74,300.15,297.15,Kuala Lumpur,MY,8138,0.0078,1537916495,1537960048,1,8000,"[{'id': 500, 'main': 'Rain', 'description': 'light rain', 'icon': '10n'}]",204.505,0.42,light rain,10n,500,Rain
stations,75,200,3.12,101.68,1537965000,1735161,83,1009,298.57,300.15,297.15,Kuala Lumpur,MY,8132,0.0054,1537916495,1537960048,1,10000,"[{'id': 500, 'main': 'Rain', 'description': 'light rain', 'icon': '10n'}]",20,3.6,light rain,10n,500,Rain
stations,90,200,3.12,101.68,1537966800,1735161,100,1010,298.21,299.15,297.15,Kuala Lumpur,MY,8138,0.0063,1537916495,1537960047,1,7000,"[{'id': 804, 'main': 'Clouds', 'description': 'overcast clouds', 'icon': '04n'}]",0.5,overcast clouds,04n,804,Clouds
stations,75,200,3.12,101.68,1537968600,1735161,83,1010,298.57,300.15,297.15,Kuala Lumpur,MY,8132,0.0089,1537916495,1537960047,1,10000,"[{'id': 803, 'main': 'Clouds', 'description': 'broken clouds', 'icon': '04n'}]",20,2.1,broken clouds,04n,803,Clouds
stations,90,200,3.12,101.68,1537970400,1735161,100,1011,298.74,300.15,297.15,Kuala Lumpur,MY,8138,0.0064,1537916494,1537960046,1,7000,"[{'id': 804, 'main': 'Clouds', 'description': 'overcast clouds', 'icon': '04n'}]",83.0031,1.82,overcast clouds,04n,804,Clouds
stations,75,200,3.12,101.68,1537972200,1735161,88,1011,298.1,299.15,297.15,Kuala Lumpur,MY,8132,0.0053,1537916494,1537960046,1,10000,"[{'id': 803, 'main': 'Clouds', 'description': 'broken clouds', 'icon': '04n'}]",1.5,broken clouds,04n,803,Clouds
stations,90,200,3.12,101.68,1537974000,1735161,94,1012,298.68,299.15,298.15,Kuala Lumpur,MY,8138,0.0046,1537916494,1537960045,1,6000,"[{'id': 804, 'main': 'Clouds', 'description': 'overcast clouds', 'icon': '04n'}]",83.0031,1.82,overcast clouds,04n,804,Clouds
stations,75,200,3.12,101.68,1537975800,1735161,88,1011,298.62,299.15,298.15,Kuala Lumpur,MY,8132,0.0055,1537916493,1537960045,1,10000,"[{'id': 803, 'main': 'Clouds', 'description': 'broken clouds', 'icon': '04n'}]",1.5,broken clouds,04n,803,Clouds
stations,75,200,3.12,101.68,1537977600,1735161,100,1012,298.21,299.15,297.15,Kuala Lumpur,MY,8138,0.0049,1537916493,1537960044,1,4000,"[{'id': 701, 'main': 'Mist', 'description': 'mist', 'icon': '50n'}]",0.5,mist,50n,701,Mist
stations,75,200,3.12,101.68,1537979400,1735161,88,1011,298.1,299.15,297.15,Kuala Lumpur,MY,8132,0.0048,1537916493,1537960044,1,10000,"[{'id': 701, 'main': 'Mist', 'description': 'mist', 'icon': '50n'}]",1,mist,50n,701,Mist
stations,75,200,3.12,101.68,1537981200,1735161,94,1011,298.68,299.15,298.15,Kuala Lumpur,MY,8138,0.0066,1537916492,1537960043,1,3000,"[{'id': 701, 'main': 'Mist', 'description': 'mist', 'icon': '50n'}]",1,mist,50n,701,Mist
stations,75,200,3.12,101.68,1537983000,1735161,88,1011,298.62,299.15,298.15,Kuala Lumpur,MY,8132,0.0066,1537916492,1537960043,1,9000,"[{'id': 701, 'main': 'Mist', 'description': 'mist', 'icon': '50n'}]",100,1.5,mist,50n,701,Mist
stations,75,200,3.12,101.68,1537984800,1735161,94,1011,298.68,299.15,298.15,Kuala Lumpur,MY,8138,0.0089,1537916492,1537960042,1,4000,"[{'id': 701, 'main': 'Mist', 'description': 'mist', 'icon': '50n'}]",85.5005,1.92,mist,50n,701,Mist
stations,75,200,3.12,101.68,1537986600,1735161,88,1010,298.62,299.15,298.15,Kuala Lumpur,MY,8132,0.0065,1537916491,1537960042,1,9000,"[{'id': 701, 'main': 'Mist', 'description': 'mist', 'icon': '50n'}]",1,mist,50n,701,Mist
stations,75,200,3.12,101.68,1537988400,1735161,94,1010,298.68,299.15,298.15,Kuala Lumpur,MY,8138,0.0051,1537916491,1537960041,1,3000,"[{'id': 701, 'main': 'Mist', 'description': 'mist', 'icon': '50n'}]",85.5005,1.92,mist,50n,701,Mist
stations,75,200,3.12,101.68,1537990200,1735161,88,1009,298.62,299.15,298.15,Kuala Lumpur,MY,8132,0.0054,1537916491,1537960040,1,8000,"[{'id': 701, 'main': 'Mist', 'description': 'mist', 'icon': '50n'}]",1,mist,50n,701,Mist
stations,75,200,3.12,101.68,1537992000,1735161,100,1009,298.21,299.15,297.15,Kuala Lumpur,MY,8138,0.005,1537916490,1537960040,1,3000,"[{'id': 701, 'main': 'Mist', 'description': 'mist', 'icon': '50n'}]",102.018,1.76,mist,50n,701,Mist
stations,75,200,3.12,101.68,1537993800,1735161,88,1009,298.1,299.15,297.15,Kuala Lumpur,MY,8132,0.0047,1537916490,1537960039,1,8000,"[{'id': 701, 'main': 'Mist', 'description': 'mist', 'icon': '50n'}]",0.5,mist,50n,701,Mist
stations,75,200,3.12,101.68,1537993800,1735161,88,1009,298.08,299.15,297.15,Kuala Lumpur,MY,8132,0.0062,1537916490,1537960039,1,8000,"[{'id': 701, 'main': 'Mist', 'description': 'mist', 'icon': '50n'}]",0.5,mist,50n,701,Mist
stations,75,200,3.12,101.68,1537995600,1735161,100,1009,298.23,299.15,297.15,Kuala Lumpur,MY,8138,0.0322,1537916489,1537960038,1,3000,"[{'id': 701, 'main': 'Mist', 'description': 'mist', 'icon': '50n'}]",102.018,1.76,mist,50n,701,Mist
stations,75,200,3.12,101.68,1537997400,1735161,88,1009,298.08,299.15,297.15,Kuala Lumpur,MY,8132,0.0076,1537916489,1537960038,1,8000,"[{'id': 701, 'main': 'Mist', 'description': 'mist', 'icon': '50n'}]",0.5,mist,50n,701,Mist
stations,75,200,3.12,101.68,1538001000,1735161,94,1009,297.62,298.15,297.15,Kuala Lumpur,MY,8132,0.0053,1537916489,1537960037,1,8000,"[{'id': 701, 'main': 'Mist', 'description': 'mist', 'icon': '50n'}]",95.5027,2.58,mist,50n,701,Mist
stations,75,200,3.12,101.68,1538002800,1735161,100,1010,297.68,298.15,297.15,Kuala Lumpur,MY,8138,0.0048,1537916488,1537960037,1,3000,"[{'id': 701, 'main': 'Mist', 'description': 'mist', 'icon': '50n'}]",95.5027,2.58,mist,50n,701,Mist
stations,75,200,3.12,101.68,1538004600,1735161,88,1010,298.1,299.15,297.15,Kuala Lumpur,MY,8132,0.0143,1538002888,1538046436,1,9000,"[{'id': 701, 'main': 'Mist', 'description': 'mist', 'icon': '50n'}]",1,mist,50n,701,Mist
stations,75,200,3.12,101.68,1538006400,1735161,94,1011,298.68,299.15,298.15,Kuala Lumpur,MY,8138,0.0054,1538002888,1538046436,1,4000,"[{'id': 701, 'main': 'Mist', 'description': 'mist', 'icon': '50d'}]",95.5027,2.58,mist,50d,701,Mist
stations,75,200,3.12,101.68,1538008200,1735161,83,1011,299.1,300.15,298.15,Kuala Lumpur,MY,8132,0.1096,1538002887,1538046435,1,5000,"[{'id': 701, 'main': 'Mist', 'description': 'mist', 'icon': '50d'}, {'id': 721, 'main': 'Haze', 'description': 'haze', 'icon': '50d'}]",1,mist,50d,701,Mist
haze,50d,721,Haze
stations,75,200,3.12,101.68,1538010000,1735161,83,1011,300.68,301.15,300.15,Kuala Lumpur,MY,8138,0.0099,1538002887,1538046435,1,8000,"[{'id': 803, 'main': 'Clouds', 'description': 'broken clouds', 'icon': '04d'}]",130,1.5,broken clouds,04d,803,Clouds
stations,75,200,3.12,101.68,1538011800,1735161,74,1011,301.1,302.15,300.15,Kuala Lumpur,MY,8132,0.0051,1538002887,1538046434,1,8000,"[{'id': 803, 'main': 'Clouds', 'description': 'broken clouds', 'icon': '04d'}]",120,2.1,broken clouds,04d,803,Clouds
stations,75,200,3.12,101.68,1538013600,1735161,74,1011,302.68,303.15,302.15,Kuala Lumpur,MY,8138,0.0057,1538002887,1538046434,1,9000,"[{'id': 803, 'main': 'Clouds', 'description': 'broken clouds', 'icon': '04d'}]",2.1,broken clouds,04d,803,Clouds
stations,75,200,3.12,101.68,1538015400,1735161,70,1011,303.1,304.15,302.15,Kuala Lumpur,MY,8132,0.0054,1538002886,1538046433,1,10000,"[{'id': 803, 'main': 'Clouds', 'description': 'broken clouds', 'icon': '04d'}]",140,3.1,broken clouds,04d,803,Clouds
stations,75,200,3.12,101.68,1538017200,1735161,66,1011,304.15,304.15,304.15,Kuala Lumpur,MY,8138,0.0065,1538002886,1538046433,1,9000,"[{'id': 803, 'main': 'Clouds', 'description': 'broken clouds', 'icon': '04d'}]",150,2.6,broken clouds,04d,803,Clouds
stations,75,200,3.12,101.68,1538019000,1735161,70,1011,304.15,304.15,304.15,Kuala Lumpur,MY,8132,0.0091,1538002886,1538046432,1,10000,"[{'id': 803, 'main': 'Clouds', 'description': 'broken clouds', 'icon': '04d'}]",160,4.1,broken clouds,04d,803,Clouds
stations,75,200,3.12,101.68,1538020800,1735161,62,1011,303.09,304.15,302.15,Kuala Lumpur,MY,8138,0.0051,1538002885,1538046432,1,10000,"[{'id': 803, 'main': 'Clouds', 'description': 'broken clouds', 'icon': '04d'}]",160,3.1,broken clouds,04d,803,Clouds
stations,75,200,3.12,101.68,1538022600,1735161,70,1010,304.15,304.15,304.15,Kuala Lumpur,MY,8132,0.0048,1538002885,1538046431,1,10000,"[{'id': 803, 'main': 'Clouds', 'description': 'broken clouds', 'icon': '04d'}]",3.1,broken clouds,04d,803,Clouds
stations,75,200,3.12,101.68,1538024400,1735161,62,1010,304.68,305.15,304.15,Kuala Lumpur,MY,8138,0.0051,1538002885,1538046430,1,10000,"[{'id': 803, 'main': 'Clouds', 'description': 'broken clouds', 'icon': '04d'}]",160,3.1,broken clouds,04d,803,Clouds
stations,75,200,3.12,101.68,1538026200,1735161,62,1009,304.62,305.15,304.15,Kuala Lumpur,MY,8132,0.0057,1538002884,1538046430,1,10000,"[{'id': 803, 'main': 'Clouds', 'description': 'broken clouds', 'icon': '04d'}]",190,3.1,broken clouds,04d,803,Clouds
stations,75,200,3.12,101.68,1538028000,1735161,70,1009,304.21,305.15,303.15,Kuala Lumpur,MY,8138,0.0065,1538002884,1538046429,1,9000,"[{'id': 803, 'main': 'Clouds', 'description': 'broken clouds', 'icon': '04d'}]",180,4.1,broken clouds,04d,803,Clouds
stations,75,200,3.12,101.68,1538029800,1735161,62,1007,304.1,305.15,303.15,Kuala Lumpur,MY,8132,0.096,1538002884,1538046429,1,10000,"[{'id': 803, 'main': 'Clouds', 'description': 'broken clouds', 'icon': '04d'}]",170,3.6,broken clouds,04d,803,Clouds
stations,75,200,3.12,101.68,1538031600,1735161,59,1007,305.15,305.15,305.15,Kuala Lumpur,MY,8138,0.0049,1538002883,1538046428,1,9000,"[{'id': 803, 'main': 'Clouds', 'description': 'broken clouds', 'icon': '04d'}]",190,3.6,broken clouds,04d,803,Clouds
stations,75,200,3.12,101.68,1538033400,1735161,52,1007,305.15,305.15,305.15,Kuala Lumpur,MY,8132,0.0051,1538002883,1538046428,1,10000,"[{'id': 211, 'main': 'Thunderstorm', 'description': 'thunderstorm', 'icon': '11d'}]",150,4.6,thunderstorm,11d,211,Thunderstorm
stations,75,200,3.12,101.68,1538035200,1735161,70,1008,303.21,304.15,302.15,Kuala Lumpur,MY,8138,0.006,1538002883,1538046427,1,9000,"[{'id': 211, 'main': 'Thunderstorm', 'description': 'thunderstorm', 'icon': '11d'}]",70,3.1,thunderstorm,11d,211,Thunderstorm
stations,75,200,3.12,101.68,1538037000,1735161,66,1007,302.63,303.15,302.15,Kuala Lumpur,MY,8132,0.0059,1538002882,1538046427,1,10000,"[{'id': 211, 'main': 'Thunderstorm', 'description': 'thunderstorm', 'icon': '11d'}]",170,2.6,thunderstorm,11d,211,Thunderstorm
stations,75,200,3.12,101.68,1538038800,1735161,74,1008,302.21,303.15,301.15,Kuala Lumpur,MY,8138,0.0064,1538002882,1538046426,1,9000,"[{'id': 211, 'main': 'Thunderstorm', 'description': 'thunderstorm', 'icon': '11d'}]",2.1,thunderstorm,11d,211,Thunderstorm
stations,75,200,3.12,101.68,1538040600,1735161,79,1006,301.62,302.15,301.15,Kuala Lumpur,MY,8132,0.0052,1538002882,1538046426,1,10000,"[{'id': 211, 'main': 'Thunderstorm', 'description': 'thunderstorm', 'icon': '11d'}]",60,3.1,thunderstorm,11d,211,Thunderstorm
stations,75,200,3.12,101.68,1538042400,1735161,78,1007,300.68,301.15,300.15,Kuala Lumpur,MY,8138,0.0075,1538002881,1538046425,1,10000,"[{'id': 803, 'main': 'Clouds', 'description': 'broken clouds', 'icon': '04d'}]",1.5,broken clouds,04d,803,Clouds
stations,75,200,3.12,101.68,1538044200,1735161,78,1007,300.62,301.15,300.15,Kuala Lumpur,MY,8132,0.1653,1538002881,1538046425,1,10000,"[{'id': 803, 'main': 'Clouds', 'description': 'broken clouds', 'icon': '04d'}]",30,1.5,broken clouds,04d,803,Clouds
stations,75,200,3.12,101.68,1538046000,1735161,78,1008,300.68,301.15,300.15,Kuala Lumpur,MY,8138,0.0125,1538002881,1538046424,1,10000,"[{'id': 803, 'main': 'Clouds', 'description': 'broken clouds', 'icon': '04d'}]",20.5086,1.58,broken clouds,04d,803,Clouds
stations,75,200,3.12,101.68,1538047800,1735161,83,1007,300.15,300.15,300.15,Kuala Lumpur,MY,8132,0.0052,1538002880,1538046424,1,10000,"[{'id': 803, 'main': 'Clouds', 'description': 'broken clouds', 'icon': '04n'}]",10,2.1,broken clouds,04n,803,Clouds
stations,75,200,3.12,101.68,1538049600,1735161,83,1008,300.15,300.15,300.15,Kuala Lumpur,MY,8138,0.005,1538002880,1538046423,1,10000,"[{'id': 803, 'main': 'Clouds', 'description': 'broken clouds', 'icon': '04n'}]",1,broken clouds,04n,803,Clouds
stations,75,200,3.12,101.68,1538051400,1735161,78,1008,300.15,300.15,300.15,Kuala Lumpur,MY,8132,0.0313,1538002880,1538046422,1,8000,"[{'id': 803, 'main': 'Clouds', 'description': 'broken clouds', 'icon': '04n'}]",60,2.6,broken clouds,04n,803,Clouds
stations,75,200,3.12,101.68,1538053200,1735161,88,1009,299.68,300.15,299.15,Kuala Lumpur,MY,8138,0.0193,1538002879,1538046422,1,10000,"[{'id': 803, 'main': 'Clouds', 'description': 'broken clouds', 'icon': '04n'}]",1,broken clouds,04n,803,Clouds
stations,75,200,3.12,101.68,1538055000,1735161,78,1008,299.62,300.15,299.15,Kuala Lumpur,MY,8132,0.0099,1538002879,1538046421,1,9000,"[{'id': 803, 'main': 'Clouds', 'description': 'broken clouds', 'icon': '04n'}]",70,1.5,broken clouds,04n,803,Clouds
stations,75,200,3.12,101.68,1538056800,1735161,88,1010,299.68,300.15,299.15,Kuala Lumpur,MY,8138,0.0049,1538002879,1538046421,1,10000,"[{'id': 803, 'main': 'Clouds', 'description': 'broken clouds', 'icon': '04n'}]",39.0006,1.97,broken clouds,04n,803,Clouds
stations,75,200,3.12,101.68,1538058600,1735161,83,1010,299.62,300.15,299.15,Kuala Lumpur,MY,8132,0.0062,1538002878,1538046420,1,9000,"[{'id': 803, 'main': 'Clouds', 'description': 'broken clouds', 'icon': '04n'}]",1.5,broken clouds,04n,803,Clouds
stations,75,200,3.12,101.68,1538060400,1735161,88,1011,299.68,300.15,299.15,Kuala Lumpur,MY,8138,0.0189,1538002878,1538046420,1,9000,"[{'id': 803, 'main': 'Clouds', 'description': 'broken clouds', 'icon': '04n'}]",320,2.6,broken clouds,04n,803,Clouds
stations,75,200,3.12,101.68,1538062200,1735161,83,1010,299.62,300.15,299.15,Kuala Lumpur,MY,8132,0.0273,1538002878,1538046419,1,8000,"[{'id': 803, 'main': 'Clouds', 'description': 'broken clouds', 'icon': '04n'}]",1,broken clouds,04n,803,Clouds
stations,75,200,3.12,101.68,1538064000,1735161,83,1011,299.68,300.15,299.15,Kuala Lumpur,MY,8138,0.0046,1538002878,1538046419,1,8000,"[{'id': 803, 'main': 'Clouds', 'description': 'broken clouds', 'icon': '04n'}]",310,2.6,broken clouds,04n,803,Clouds
stations,75,200,3.12,101.68,1538065800,1735161,83,1010,299.63,300.15,299.15,Kuala Lumpur,MY,8132,0.0161,1538002877,1538046418,1,7000,"[{'id': 803, 'main': 'Clouds', 'description': 'broken clouds', 'icon': '04n'}]",20,2.1,broken clouds,04n,803,Clouds
stations,75,200,3.12,101.68,1538067600,1735161,88,1010,299.21,300.15,298.15,Kuala Lumpur,MY,8138,0.0045,1538002877,1538046418,1,7000,"[{'id': 803, 'main': 'Clouds', 'description': 'broken clouds', 'icon': '04n'}]",23.0003,1.68,broken clouds,04n,803,Clouds
stations,75,200,3.12,101.68,1538069400,1735161,88,1009,298.62,299.15,298.15,Kuala Lumpur,MY,8132,0.0049,1538002877,1538046417,1,7000,"[{'id': 803, 'main': 'Clouds', 'description': 'broken clouds', 'icon': '04n'}]",1,broken clouds,04n,803,Clouds
stations,75,200,3.12,101.68,1538071200,1735161,88,1009,298.68,299.15,298.15,Kuala Lumpur,MY,8138,0.0058,1538002876,1538046417,1,5000,"[{'id': 721, 'main': 'Haze', 'description': 'haze', 'icon': '50n'}]",1,haze,50n,721,Haze
stations,75,200,3.12,101.68,1538073000,1735161,88,1008,298.62,299.15,298.15,Kuala Lumpur,MY,8132,0.0102,1538002876,1538046416,1,7000,"[{'id': 721, 'main': 'Haze', 'description': 'haze', 'icon': '50n'}]",0.5,haze,50n,721,Haze
stations,75,200,3.12,101.68,1538074800,1735161,88,1009,298.68,299.15,298.15,Kuala Lumpur,MY,8138,0.0051,1538002876,1538046416,1,7000,"[{'id': 803, 'main': 'Clouds', 'description': 'broken clouds', 'icon': '04n'}]",23.0003,1.68,broken clouds,04n,803,Clouds
stations,75,200,3.12,101.68,1538076600,1735161,88,1008,298.62,299.15,298.15,Kuala Lumpur,MY,8132,0.0058,1538002875,1538046415,1,6000,"[{'id': 803, 'main': 'Clouds', 'description': 'broken clouds', 'icon': '04n'}]",1,broken clouds,04n,803,Clouds
stations,75,200,3.12,101.68,1538078400,1735161,88,1008,298.68,299.15,298.15,Kuala Lumpur,MY,8138,0.0047,1538002875,1538046415,1,6000,"[{'id': 803, 'main': 'Clouds', 'description': 'broken clouds', 'icon': '04n'}]",57.0018,0.96,broken clouds,04n,803,Clouds
stations,75,200,3.12,101.68,1538078400,1735161,88,1008,298.69,299.15,298.15,Kuala Lumpur,MY,8138,0.0049,1538002875,1538046414,1,6000,"[{'id': 803, 'main': 'Clouds', 'description': 'broken clouds', 'icon': '04n'}]",57.0018,0.96,broken clouds,04n,803,Clouds
stations,75,200,3.12,101.68,1538082000,1735161,94,1008,297.68,298.15,297.15,Kuala Lumpur,MY,8138,0.0052,1538002874,1538046413,1,6000,"[{'id': 721, 'main': 'Haze', 'description': 'haze', 'icon': '50n'}]",57.0018,0.96,haze,50n,721,Haze
stations,75,200,3.12,101.68,1538083800,1735161,94,1008,297.62,298.15,297.15,Kuala Lumpur,MY,8132,0.0073,1538002874,1538046413,1,4000,"[{'id': 721, 'main': 'Haze', 'description': 'haze', 'icon': '50n'}]",1.5,haze,50n,721,Haze
stations,75,200,3.12,101.68,1538085600,1735161,94,1008,297.68,298.15,297.15,Kuala Lumpur,MY,8138,0.0051,1538002874,1538046412,1,6000,"[{'id': 721, 'main': 'Haze', 'description': 'haze', 'icon': '50n'}]",57.0018,0.96,haze,50n,721,Haze
stations,75,200,3.12,101.68,1538087400,1735161,88,1008,297.62,298.15,297.15,Kuala Lumpur,MY,8132,0.0079,1538002873,1538046412,1,4000,"[{'id': 721, 'main': 'Haze', 'description': 'haze', 'icon': '50n'}]",40,1.5,haze,50n,721,Haze
stations,75,200,3.12,101.68,1538089200,1735161,94,1009,297.68,298.15,297.15,Kuala Lumpur,MY,8138,0.0053,1538002873,1538046411,1,7000,"[{'id': 721, 'main': 'Haze', 'description': 'haze', 'icon': '50n'}]",159.503,1.1,haze,50n,721,Haze
stations,75,200,3.12,101.68,1538091000,1735161,88,1008,297.62,298.15,297.15,Kuala Lumpur,MY,8132,0.0045,1538002873,1538046411,1,5000,"[{'id': 721, 'main': 'Haze', 'description': 'haze', 'icon': '50n'}]",1,haze,50n,721,Haze
stations,75,200,3.12,101.68,1538092800,1735161,88,1010,298.68,299.15,298.15,Kuala Lumpur,MY,8138,0.0051,1538089272,1538132810,1,7000,"[{'id': 803, 'main': 'Clouds', 'description': 'broken clouds', 'icon': '04d'}]",159.503,1.1,broken clouds,04d,803,Clouds
stations,75,200,3.12,101.68,1538094600,1735161,83,1010,299.1,300.15,298.15,Kuala Lumpur,MY,8132,0.0067,1538089272,1538132810,1,8000,"[{'id': 803, 'main': 'Clouds', 'description': 'broken clouds', 'icon': '04d'}]",159.503,1.1,broken clouds,04d,803,Clouds
stations,75,200,3.12,101.68,1538096400,1735161,78,1010,301.21,302.15,300.15,Kuala Lumpur,MY,8138,0.0049,1538089272,1538132809,1,9000,"[{'id': 803, 'main': 'Clouds', 'description': 'broken clouds', 'icon': '04d'}]",159.503,1.1,broken clouds,04d,803,Clouds
stations,75,200,3.12,101.68,1538098200,1735161,66,1010,301.58,303.15,300.15,Kuala Lumpur,MY,8132,0.006,1538089272,1538132809,1,10000,"[{'id': 803, 'main': 'Clouds', 'description': 'broken clouds', 'icon': '04d'}]",120,2.6,broken clouds,04d,803,Clouds
stations,75,200,3.12,101.68,1538100000,1735161,66,1011,303.15,303.15,303.15,Kuala Lumpur,MY,8138,0.0046,1538089271,1538132808,1,10000,"[{'id': 803, 'main': 'Clouds', 'description': 'broken clouds', 'icon': '04d'}]",1.5,broken clouds,04d,803,Clouds
stations,75,200,3.12,101.68,1538101800,1735161,62,1010,303.63,304.15,303.15,Kuala Lumpur,MY,8132,0.0047,1538089271,1538132808,1,10000,"[{'id': 803, 'main': 'Clouds', 'description': 'broken clouds', 'icon': '04d'}]",110,2.6,broken clouds,04d,803,Clouds
stations,75,200,3.12,101.68,1538103600,1735161,58,1011,304.68,305.15,304.15,Kuala Lumpur,MY,8138,0.0047,1538089271,1538132807,1,10000,"[{'id': 803, 'main': 'Clouds', 'description': 'broken clouds', 'icon': '04d'}]",2.1,broken clouds,04d,803,Clouds
stations,75,200,3.12,101.68,1538105400,1735161,49,1010,305.1,306.15,304.15,Kuala Lumpur,MY,8132,0.0082,1538089270,1538132807,1,10000,"[{'id': 803, 'main': 'Clouds', 'description': 'broken clouds', 'icon': '04d'}]",2.6,broken clouds,04d,803,Clouds
stations,75,200,3.12,101.68,1538107200,1735161,49,1010,306.15,306.15,306.15,Kuala Lumpur,MY,8138,0.0126,1538089270,1538132806,1,10000,"[{'id': 803, 'main': 'Clouds', 'description': 'broken clouds', 'icon': '04d'}]",3.1,broken clouds,04d,803,Clouds
stations,75,200,3.12,101.68,1538109000,1735161,49,1009,306.15,306.15,306.15,Kuala Lumpur,MY,8132,0.0069,1538089270,1538132806,1,10000,"[{'id': 803, 'main': 'Clouds', 'description': 'broken clouds', 'icon': '04d'}]",130,4.1,broken clouds,04d,803,Clouds
stations,75,200,3.12,101.68,1538110800,1735161,44,1009,306.62,307.15,306.15,Kuala Lumpur,MY,8138,0.0068,1538089269,1538132805,1,10000,"[{'id': 803, 'main': 'Clouds', 'description': 'broken clouds', 'icon': '04d'}]",140,4.6,broken clouds,04d,803,Clouds
stations,75,200,3.12,101.68,1538112600,1735161,46,1008,307.15,307.15,307.15,Kuala Lumpur,MY,8132,0.0066,1538089269,1538132805,1,10000,"[{'id': 803, 'main': 'Clouds', 'description': 'broken clouds', 'icon': '04d'}]",160,3.6,broken clouds,04d,803,Clouds
stations,75,200,3.12,101.68,1538114400,1735161,41,1008,307.15,307.15,307.15,Kuala Lumpur,MY,8138,0.0044,1538089269,1538132804,1,10000,"[{'id': 803, 'main': 'Clouds', 'description': 'broken clouds', 'icon': '04d'}]",150,3.6,broken clouds,04d,803,Clouds
stations,75,200,3.12,101.68,1538116200,1735161,43,1008,306.68,307.15,306.15,Kuala Lumpur,MY,8132,0.0058,1538089268,1538132804,1,10000,"[{'id': 803, 'main': 'Clouds', 'description': 'broken clouds', 'icon': '04d'}]",150,5.1,broken clouds,04d,803,Clouds
stations,75,200,3.12,101.68,1538118000,1735161,44,1007,306.62,307.15,306.15,Kuala Lumpur,MY,8138,0.0067,1538089268,1538132803,1,10000,"[{'id': 803, 'main': 'Clouds', 'description': 'broken clouds', 'icon': '04d'}]",190,4.6,broken clouds,04d,803,Clouds
stations,75,200,3.12,101.68,1538119800,1735161,49,1007,306.68,307.15,306.15,Kuala Lumpur,MY,8132,0.0097,1538089268,1538132803,1,10000,"[{'id': 803, 'main': 'Clouds', 'description': 'broken clouds', 'icon': '04d'}]",160,4.6,broken clouds,04d,803,Clouds
stations,75,200,3.12,101.68,1538121600,1735161,44,1007,307.09,308.15,306.15,Kuala Lumpur,MY,8138,0.0052,1538089267,1538132802,1,10000,"[{'id': 803, 'main': 'Clouds', 'description': 'broken clouds', 'icon': '04d'}]",180,3.1,broken clouds,04d,803,Clouds
stations,75,200,3.12,101.68,1538123400,1735161,55,1006,306.73,308.15,305.15,Kuala Lumpur,MY,8132,0.0066,1538089267,1538132801,1,10000,"[{'id': 803, 'main': 'Clouds', 'description': 'broken clouds', 'icon': '04d'}]",170,4.1,broken clouds,04d,803,Clouds
stations,75,200,3.12,101.68,1538125200,1735161,44,1006,306.09,307.15,305.15,Kuala Lumpur,MY,8138,0.0046,1538089267,1538132801,1,10000,"[{'id': 803, 'main': 'Clouds', 'description': 'broken clouds', 'icon': '04d'}]",160,5.1,broken clouds,04d,803,Clouds
stations,75,200,3.12,101.68,1538127000,1735161,55,1006,306.2,307.15,305.15,Kuala Lumpur,MY,8132,0.0075,1538089266,1538132800,1,10000,"[{'id': 803, 'main': 'Clouds', 'description': 'broken clouds', 'icon': '04d'}]",180,3.6,broken clouds,04d,803,Clouds
stations,75,200,3.12,101.68,1538128800,1735161,49,1007,305.62,306.15,305.15,Kuala Lumpur,MY,8138,0.0122,1538089266,1538132800,1,10000,"[{'id': 803, 'main': 'Clouds', 'description': 'broken clouds', 'icon': '04d'}]",180,4.1,broken clouds,04d,803,Clouds
stations,75,200,3.12,101.68,1538130600,1735161,62,1006,305.2,306.15,304.15,Kuala Lumpur,MY,8132,0.0084,1538089266,1538132799,1,10000,"[{'id': 803, 'main': 'Clouds', 'description': 'broken clouds', 'icon': '04d'}]",170,2.1,broken clouds,04d,803,Clouds
stations,75,200,3.12,101.68,1538132400,1735161,52,1007,303.62,304.15,303.15,Kuala Lumpur,MY,8138,0.0059,1538089265,1538132799,1,10000,"[{'id': 803, 'main': 'Clouds', 'description': 'broken clouds', 'icon': '04d'}]",170,3.1,broken clouds,04d,803,Clouds
stations,75,200,3.12,101.68,1538134200,1735161,74,1007,303.2,304.15,302.15,Kuala Lumpur,MY,8132,0.007,1538089265,1538132798,1,10000,"[{'id': 803, 'main': 'Clouds', 'description': 'broken clouds', 'icon': '04n'}]",1,broken clouds,04n,803,Clouds
stations,75,200,3.12,101.68,1538136000,1735161,79,1008,301.62,302.15,301.15,Kuala Lumpur,MY,8138,0.0052,1538089265,1538132798,1,10000,"[{'id': 803, 'main': 'Clouds', 'description': 'broken clouds', 'icon': '04n'}]",290,4.1,broken clouds,04n,803,Clouds
stations,75,200,3.12,101.68,1538137800,1735161,83,1008,301.68,302.15,301.15,Kuala Lumpur,MY,8132,0.0236,1538089264,1538132797,1,10000,"[{'id': 803, 'main': 'Clouds', 'description': 'broken clouds', 'icon': '04n'}]",348.504,1.22,broken clouds,04n,803,Clouds
stations,75,200,3.12,101.68,1538139600,1735161,74,1009,301.62,302.15,301.15,Kuala Lumpur,MY,8138,0.0089,1538089264,1538132797,1,10000,"[{'id': 803, 'main': 'Clouds', 'description': 'broken clouds', 'icon': '04n'}]",320,3.6,broken clouds,04n,803,Clouds
stations,75,200,3.12,101.68,1538141400,1735161,83,1009,301.68,302.15,301.15,Kuala Lumpur,MY,8132,0.0065,1538089264,1538132796,1,9000,"[{'id': 803, 'main': 'Clouds', 'description': 'broken clouds', 'icon': '04n'}]",0.5,broken clouds,04n,803,Clouds
stations,75,200,3.12,101.68,1538143200,1735161,74,1010,301.15,301.15,301.15,Kuala Lumpur,MY,8138,0.0061,1538089263,1538132796,1,10000,"[{'id': 803, 'main': 'Clouds', 'description': 'broken clouds', 'icon': '04n'}]",320,2.6,broken clouds,04n,803,Clouds
stations,75,200,3.12,101.68,1538145000,1735161,78,1010,301.15,301.15,301.15,Kuala Lumpur,MY,8132,0.0056,1538089263,1538132795,1,8000,"[{'id': 803, 'main': 'Clouds', 'description': 'broken clouds', 'icon': '04n'}]",330,1.5,broken clouds,04n,803,Clouds
stations,75,200,3.12,101.68,1538146800,1735161,78,1011,300.68,301.15,300.15,Kuala Lumpur,MY,8138,0.0058,1538089263,1538132795,1,10000,"[{'id': 803, 'main': 'Clouds', 'description': 'broken clouds', 'icon': '04n'}]",320,2.6,broken clouds,04n,803,Clouds
stations,75,200,3.12,101.68,1538148600,1735161,83,1010,300.62,301.15,300.15,Kuala Lumpur,MY,8132,0.0055,1538089263,1538132794,1,7000,"[{'id': 803, 'main': 'Clouds', 'description': 'broken clouds', 'icon': '04n'}]",330,1.5,broken clouds,04n,803,Clouds
stations,75,200,3.12,101.68,1538150400,1735161,78,1010,300.68,301.15,300.15,Kuala Lumpur,MY,8138,0.0064,1538089262,1538132794,1,10000,"[{'id': 803, 'main': 'Clouds', 'description': 'broken clouds', 'icon': '04n'}]",330,2.1,broken clouds,04n,803,Clouds
stations,75,200,3.12,101.68,1538150400,1735161,78,1010,300.69,301.15,300.15,Kuala Lumpur,MY,8138,0.0049,1538089262,1538132793,1,10000,"[{'id': 803, 'main': 'Clouds', 'description': 'broken clouds', 'icon': '04n'}]",330,2.1,broken clouds,04n,803,Clouds
stations,75,200,3.12,101.68,1538154000,1735161,83,1010,299.68,300.15,299.15,Kuala Lumpur,MY,8138,0.0049,1538089262,1538132792,1,10000,"[{'id': 803, 'main': 'Clouds', 'description': 'broken clouds', 'icon': '04n'}]",300,1.5,broken clouds,04n,803,Clouds
stations,75,200,3.12,101.68,1538155800,1735161,83,1009,299.62,300.15,299.15,Kuala Lumpur,MY,8132,0.0088,1538089261,1538132792,1,7000,"[{'id': 803, 'main': 'Clouds', 'description': 'broken clouds', 'icon': '04n'}]",1,broken clouds,04n,803,Clouds
stations,75,200,3.12,101.68,1538157600,1735161,83,1009,299.74,300.15,299.15,Kuala Lumpur,MY,8138,0.0049,1538089261,1538132791,1,10000,"[{'id': 803, 'main': 'Clouds', 'description': 'broken clouds', 'icon': '04n'}]",310,1.5,broken clouds,04n,803,Clouds
stations,75,200,3.12,101.68,1538159400,1735161,83,1008,299.62,300.15,299.15,Kuala Lumpur,MY,8132,0.0632,1538089261,1538132791,1,8000,"[{'id': 803, 'main': 'Clouds', 'description': 'broken clouds', 'icon': '04n'}]",1.5,broken clouds,04n,803,Clouds
stations,75,200,3.12,101.68,1538161200,1735161,83,1009,299.15,299.15,299.15,Kuala Lumpur,MY,8138,0.0146,1538089260,1538132790,1,9000,"[{'id': 803, 'main': 'Clouds', 'description': 'broken clouds', 'icon': '04n'}]",310,1.5,broken clouds,04n,803,Clouds
stations,75,200,3.12,101.68,1538163000,1735161,88,1008,299.15,299.15,299.15,Kuala Lumpur,MY,8132,0.0072,1538089260,1538132790,1,8000,"[{'id': 803, 'main': 'Clouds', 'description': 'broken clouds', 'icon': '04n'}]",0.5,broken clouds,04n,803,Clouds
stations,75,200,3.12,101.68,1538164800,1735161,83,1009,299.15,299.15,299.15,Kuala Lumpur,MY,8138,0.006,1538089260,1538132789,1,9000,"[{'id': 803, 'main': 'Clouds', 'description': 'broken clouds', 'icon': '04n'}]",310,1.5,broken clouds,04n,803,Clouds
stations,75,200,3.12,101.68,1538166600,1735161,88,1008,299.15,299.15,299.15,Kuala Lumpur,MY,8132,0.0049,1538089259,1538132789,1,8000,"[{'id': 803, 'main': 'Clouds', 'description': 'broken clouds', 'icon': '04n'}]",41.0023,1.71,broken clouds,04n,803,Clouds
stations,75,200,3.12,101.68,1538168400,1735161,88,1008,298.68,299.15,298.15,Kuala Lumpur,MY,8138,0.0068,1538089259,1538132788,1,8000,"[{'id': 803, 'main': 'Clouds', 'description': 'broken clouds', 'icon': '04n'}]",41.0023,1.71,broken clouds,04n,803,Clouds
stations,75,200,3.12,101.68,1538170200,1735161,83,1008,298.62,299.15,298.15,Kuala Lumpur,MY,8132,0.0275,1538089259,1538132788,1,7000,"[{'id': 803, 'main': 'Clouds', 'description': 'broken clouds', 'icon': '04n'}]",0.5,broken clouds,04n,803,Clouds
stations,75,200,3.12,101.68,1538172000,1735161,88,1008,298.68,299.15,298.15,Kuala Lumpur,MY,8138,0.0078,1538089258,1538132787,1,8000,"[{'id': 803, 'main': 'Clouds', 'description': 'broken clouds', 'icon': '04n'}]",41.0023,1.71,broken clouds,04n,803,Clouds
stations,75,200,3.12,101.68,1538173800,1735161,83,1008,298.62,299.15,298.15,Kuala Lumpur,MY,8132,0.006,1538089258,1538132787,1,7000,"[{'id': 803, 'main': 'Clouds', 'description': 'broken clouds', 'icon': '04n'}]",1,broken clouds,04n,803,Clouds
stations,75,200,3.12,101.68,1538175600,1735161,88,1009,298.68,299.15,298.15,Kuala Lumpur,MY,8138,0.0064,1538089258,1538132786,1,6000,"[{'id': 803, 'main': 'Clouds', 'description': 'broken clouds', 'icon': '04n'}]",73.5018,2.21,broken clouds,04n,803,Clouds
stations,75,200,3.12,101.68,1538177400,1735161,83,1008,298.62,299.15,298.15,Kuala Lumpur,MY,8132,0.0083,1538175658,1538219186,1,7000,"[{'id': 803, 'main': 'Clouds', 'description': 'broken clouds', 'icon': '04n'}]",1.5,broken clouds,04n,803,Clouds
stations,75,200,3.12,101.68,1538179200,1735161,88,1009,299.68,300.15,299.15,Kuala Lumpur,MY,8138,0.0056,1538175657,1538219185,1,6000,"[{'id': 803, 'main': 'Clouds', 'description': 'broken clouds', 'icon': '04d'}]",73.5018,2.21,broken clouds,04d,803,Clouds
stations,75,200,3.12,101.68,1538181000,1735161,83,1009,299.62,300.15,299.15,Kuala Lumpur,MY,8132,0.0078,1538175657,1538219185,1,7000,"[{'id': 803, 'main': 'Clouds', 'description': 'broken clouds', 'icon': '04d'}]",1,broken clouds,04d,803,Clouds
stations,75,200,3.12,101.68,1538182800,1735161,83,1010,300.68,301.15,300.15,Kuala Lumpur,MY,8138,0.0072,1538175657,1538219184,1,8000,"[{'id': 803, 'main': 'Clouds', 'description': 'broken clouds', 'icon': '04d'}]",73.5018,2.21,broken clouds,04d,803,Clouds
stations,75,200,3.12,101.68,1538184600,1735161,70,1009,301.57,303.15,300.15,Kuala Lumpur,MY,8132,0.0151,1538175656,1538219184,1,8000,"[{'id': 803, 'main': 'Clouds', 'description': 'broken clouds', 'icon': '04d'}]",90,1.5,broken clouds,04d,803,Clouds
stations,75,200,3.12,101.68,1538186400,1735161,74,1010,302.68,303.15,302.15,Kuala Lumpur,MY,8138,0.0052,1538175656,1538219183,1,10000,"[{'id': 803, 'main': 'Clouds', 'description': 'broken clouds', 'icon': '04d'}]",1,broken clouds,04d,803,Clouds
stations,75,200,3.12,101.68,1538188200,1735161,66,1010,303.1,304.15,302.15,Kuala Lumpur,MY,8132,0.0276,1538175656,1538219183,1,8000,"[{'id': 803, 'main': 'Clouds', 'description': 'broken clouds', 'icon': '04d'}]",170,1.5,broken clouds,04d,803,Clouds
stations,75,200,3.12,101.68,1538190000,1735161,66,1010,304.68,305.15,304.15,Kuala Lumpur,MY,8138,0.0046,1538175655,1538219182,1,10000,"[{'id': 803, 'main': 'Clouds', 'description': 'broken clouds', 'icon': '04d'}]",1,broken clouds,04d,803,Clouds
stations,75,200,3.12,101.68,1538191800,1735161,55,1009,304.62,305.15,304.15,Kuala Lumpur,MY,8132,0.006,1538175655,1538219182,1,9000,"[{'id': 803, 'main': 'Clouds', 'description': 'broken clouds', 'icon': '04d'}]",140,3.1,broken clouds,04d,803,Clouds
stations,75,200,3.12,101.68,1538193600,1735161,59,1010,305.68,306.15,305.15,Kuala Lumpur,MY,8138,0.0066,1538175655,1538219181,1,10000,"[{'id': 803, 'main': 'Clouds', 'description': 'broken clouds', 'icon': '04d'}]",1,broken clouds,04d,803,Clouds
stations,75,200,3.12,101.68,1538195400,1735161,55,1009,305.62,306.15,305.15,Kuala Lumpur,MY,8132,0.0049,1538175654,1538219181,1,9000,"[{'id': 803, 'main': 'Clouds', 'description': 'broken clouds', 'icon': '04d'}]",190,2.6,broken clouds,04d,803,Clouds
stations,75,200,3.12,101.68,1538197200,1735161,55,1009,306.15,306.15,306.15,Kuala Lumpur,MY,8138,0.0047,1538175654,1538219180,1,10000,"[{'id': 803, 'main': 'Clouds', 'description': 'broken clouds', 'icon': '04d'}]",160,2.6,broken clouds,04d,803,Clouds
stations,75,200,3.12,101.68,1538199000,1735161,55,1008,306.15,306.15,306.15,Kuala Lumpur,MY,8132,0.0079,1538175654,1538219179,1,9000,"[{'id': 803, 'main': 'Clouds', 'description': 'broken clouds', 'icon': '04d'}]",3.1,broken clouds,04d,803,Clouds
stations,75,200,3.12,101.68,1538200800,1735161,52,1008,306.15,306.15,306.15,Kuala Lumpur,MY,8138,0.0092,1538175653,1538219179,1,10000,"[{'id': 803, 'main': 'Clouds', 'description': 'broken clouds', 'icon': '04d'}]",190,3.6,broken clouds,04d,803,Clouds
stations,75,200,3.12,101.68,1538202600,1735161,59,1007,305.68,306.15,305.15,Kuala Lumpur,MY,8132,0.005,1538175653,1538219178,1,9000,"[{'id': 803, 'main': 'Clouds', 'description': 'broken clouds', 'icon': '04d'}]",3.1,broken clouds,04d,803,Clouds
stations,75,200,3.12,101.68,1538204400,1735161,63,1007,306.15,306.15,306.15,Kuala Lumpur,MY,8138,0.0049,1538175653,1538219178,1,9000,"[{'id': 803, 'main': 'Clouds', 'description': 'broken clouds', 'icon': '04d'}]",270,4.1,broken clouds,04d,803,Clouds
stations,75,200,3.12,101.68,1538206200,1735161,49,1006,306.15,306.15,306.15,Kuala Lumpur,MY,8132,0.009,1538175653,1538219177,1,9000,"[{'id': 803, 'main': 'Clouds', 'description': 'broken clouds', 'icon': '04d'}]",170,3.6,broken clouds,04d,803,Clouds
stations,75,200,3.12,101.68,1538208000,1735161,62,1006,305.68,306.15,305.15,Kuala Lumpur,MY,8138,0.0061,1538175652,1538219177,1,10000,"[{'id': 803, 'main': 'Clouds', 'description': 'broken clouds', 'icon': '04d'}]",240,3.6,broken clouds,04d,803,Clouds
stations,75,200,3.12,101.68,1538209800,1735161,46,1006,305.62,306.15,305.15,Kuala Lumpur,MY,8132,0.0077,1538175652,1538219176,1,10000,"[{'id': 803, 'main': 'Clouds', 'description': 'broken clouds', 'icon': '04d'}]",160,3.6,broken clouds,04d,803,Clouds
stations,75,200,3.12,101.68,1538211600,1735161,59,1006,305.15,305.15,305.15,Kuala Lumpur,MY,8138,0.0089,1538175652,1538219176,1,10000,"[{'id': 803, 'main': 'Clouds', 'description': 'broken clouds', 'icon': '04d'}]",220,2.6,broken clouds,04d,803,Clouds
stations,75,200,3.12,101.68,1538213400,1735161,55,1005,305.15,305.15,305.15,Kuala Lumpur,MY,8132,0.0058,1538175651,1538219175,1,10000,"[{'id': 803, 'main': 'Clouds', 'description': 'broken clouds', 'icon': '04d'}]",180,2.6,broken clouds,04d,803,Clouds
stations,75,200,3.12,101.68,1538215200,1735161,74,1006,303.68,304.15,303.15,Kuala Lumpur,MY,8138,0.0055,1538175651,1538219175,1,8000,"[{'id': 803, 'main': 'Clouds', 'description': 'broken clouds', 'icon': '04d'}]",320,2.6,broken clouds,04d,803,Clouds
stations,75,200,3.12,101.68,1538217000,1735161,62,1006,303.62,304.15,303.15,Kuala Lumpur,MY,8132,0.0079,1538175651,1538219174,1,10000,"[{'id': 803, 'main': 'Clouds', 'description': 'broken clouds', 'icon': '04d'}]",1.5,broken clouds,04d,803,Clouds
stations,75,200,3.12,101.68,1538218800,1735161,70,1007,303.15,303.15,303.15,Kuala Lumpur,MY,8138,0.0049,1538175650,1538219174,1,8000,"[{'id': 803, 'main': 'Clouds', 'description': 'broken clouds', 'icon': '04d'}]",310,2.6,broken clouds,04d,803,Clouds
stations,75,200,3.12,101.68,1538220600,1735161,74,1007,302.68,303.15,302.15,Kuala Lumpur,MY,8132,0.0104,1538175650,1538219173,1,10000,"[{'id': 803, 'main': 'Clouds', 'description': 'broken clouds', 'icon': '04n'}]",1,broken clouds,04n,803,Clouds
stations,75,200,3.12,101.68,1538222400,1735161,79,1007,302.15,302.15,302.15,Kuala Lumpur,MY,8138,0.0052,1538175650,1538219173,1,7000,"[{'id': 803, 'main': 'Clouds', 'description': 'broken clouds', 'icon': '04n'}]",0.5,broken clouds,04n,803,Clouds
stations,75,200,3.12,101.68,1538224200,1735161,78,1007,301.68,302.15,301.15,Kuala Lumpur,MY,8132,0.0229,1538175649,1538219172,1,10000,"[{'id': 803, 'main': 'Clouds', 'description': 'broken clouds', 'icon': '04n'}]",1,broken clouds,04n,803,Clouds
stations,75,200,3.12,101.68,1538226000,1735161,83,1008,301.15,301.15,301.15,Kuala Lumpur,MY,8138,0.0064,1538175649,1538219172,1,4000,"[{'id': 721, 'main': 'Haze', 'description': 'haze', 'icon': '50n'}]",310,1.5,haze,50n,721,Haze
stations,75,200,3.12,101.68,1538227800,1735161,83,1008,301.15,301.15,301.15,Kuala Lumpur,MY,8132,0.007,1538175649,1538219171,1,10000,"[{'id': 721, 'main': 'Haze', 'description': 'haze', 'icon': '50n'}]",1,haze,50n,721,Haze
stations,75,200,3.12,101.68,1538229600,1735161,78,1009,301.15,301.15,301.15,Kuala Lumpur,MY,8138,0.0047,1538175648,1538219171,1,4000,"[{'id': 721, 'main': 'Haze', 'description': 'haze', 'icon': '50n'}]",340,1.5,haze,50n,721,Haze
stations,75,200,3.12,101.68,1538231400,1735161,78,1009,301.15,301.15,301.15,Kuala Lumpur,MY,8132,0.0048,1538175648,1538219170,1,9000,"[{'id': 721, 'main': 'Haze', 'description': 'haze', 'icon': '50n'}]",1,haze,50n,721,Haze
stations,75,200,3.12,101.68,1538233200,1735161,83,1009,300.68,301.15,300.15,Kuala Lumpur,MY,8138,0.0059,1538175648,1538219170,1,4000,"[{'id': 721, 'main': 'Haze', 'description': 'haze', 'icon': '50n'}]",1.5,haze,50n,721,Haze
stations,75,200,3.12,101.68,1538235000,1735161,78,1009,300.62,301.15,300.15,Kuala Lumpur,MY,8132,0.0073,1538175648,1538219169,1,9000,"[{'id': 721, 'main': 'Haze', 'description': 'haze', 'icon': '50n'}]",100,1.5,haze,50n,721,Haze
stations,75,200,3.12,101.68,1538236800,1735161,83,1009,300.68,301.15,300.15,Kuala Lumpur,MY,8138,0.0072,1538175647,1538219169,1,5000,"[{'id': 721, 'main': 'Haze', 'description': 'haze', 'icon': '50n'}]",358.004,0.86,haze,50n,721,Haze
stations,75,200,3.12,101.68,1538238600,1735161,83,1009,300.15,300.15,300.15,Kuala Lumpur,MY,8132,0.0088,1538175647,1538219168,1,9000,"[{'id': 721, 'main': 'Haze', 'description': 'haze', 'icon': '50n'}]",1,haze,50n,721,Haze
stations,75,200,3.12,101.68,1538240400,1735161,88,1009,299.68,300.15,299.15,Kuala Lumpur,MY,8138,0.0068,1538175647,1538219168,1,4000,"[{'id': 721, 'main': 'Haze', 'description': 'haze', 'icon': '50n'}]",51.5035,1.27,haze,50n,721,Haze
stations,75,200,3.12,101.68,1538242200,1735161,83,1008,299.62,300.15,299.15,Kuala Lumpur,MY,8132,0.005,1538175646,1538219167,1,8000,"[{'id': 721, 'main': 'Haze', 'description': 'haze', 'icon': '50n'}]",1,haze,50n,721,Haze
stations,75,200,3.12,101.68,1538244000,1735161,88,1009,300.21,301.15,299.15,Kuala Lumpur,MY,8138,0.0071,1538175646,1538219166,1,4000,"[{'id': 721, 'main': 'Haze', 'description': 'haze', 'icon': '50n'}]",51.5035,1.27,haze,50n,721,Haze
stations,75,200,3.12,101.68,1538245800,1735161,78,1008,300.1,301.15,299.15,Kuala Lumpur,MY,8132,0.009,1538175646,1538219166,1,8000,"[{'id': 721, 'main': 'Haze', 'description': 'haze', 'icon': '50n'}]",80,2.6,haze,50n,721,Haze
stations,75,200,3.12,101.68,1538247600,1735161,88,1008,300.21,301.15,299.15,Kuala Lumpur,MY,8138,0.006,1538175645,1538219165,1,3000,"[{'id': 721, 'main': 'Haze', 'description': 'haze', 'icon': '50n'}]",0.5,haze,50n,721,Haze
stations,75,200,3.12,101.68,1538249400,1735161,83,1007,299.62,300.15,299.15,Kuala Lumpur,MY,8132,0.0051,1538175645,1538219165,1,7000,"[{'id': 721, 'main': 'Haze', 'description': 'haze', 'icon': '50n'}]",1.5,haze,50n,721,Haze
stations,75,200,3.12,101.68,1538251200,1735161,88,1008,299.68,300.15,299.15,Kuala Lumpur,MY,8138,0.1024,1538175645,1538219164,1,3000,"[{'id': 721, 'main': 'Haze', 'description': 'haze', 'icon': '50n'}]",320,1.5,haze,50n,721,Haze
stations,75,200,3.12,101.68,1538253000,1735161,88,1007,299.15,299.15,299.15,Kuala Lumpur,MY,8132,0.0062,1538175644,1538219164,1,6000,"[{'id': 721, 'main': 'Haze', 'description': 'haze', 'icon': '50n'}]",60,1.5,haze,50n,721,Haze
stations,75,200,3.12,101.68,1538254800,1735161,94,1008,298.68,299.15,298.15,Kuala Lumpur,MY,8138,0.0234,1538175644,1538219163,1,3000,"[{'id': 721, 'main': 'Haze', 'description': 'haze', 'icon': '50n'}]",55.0003,1.67,haze,50n,721,Haze
stations,75,200,3.12,101.68,1538256600,1735161,83,1007,298.62,299.15,298.15,Kuala Lumpur,MY,8132,0.0062,1538175644,1538219163,1,6000,"[{'id': 721, 'main': 'Haze', 'description': 'haze', 'icon': '50n'}]",60,1.5,haze,50n,721,Haze
stations,75,200,3.12,101.68,1538258400,1735161,88,1008,298.68,299.15,298.15,Kuala Lumpur,MY,8138,0.0519,1538175644,1538219162,1,2000,"[{'id': 721, 'main': 'Haze', 'description': 'haze', 'icon': '50n'}]",320,2.6,haze,50n,721,Haze
stations,75,200,3.12,101.68,1538260200,1735161,83,1008,298.62,299.15,298.15,Kuala Lumpur,MY,8132,0.0159,1538175643,1538219162,1,6000,"[{'id': 721, 'main': 'Haze', 'description': 'haze', 'icon': '50n'}]",1,haze,50n,721,Haze
stations,75,200,3.12,101.68,1538262000,1735161,88,1009,298.68,299.15,298.15,Kuala Lumpur,MY,8138,0.0102,1538175643,1538219161,1,2000,"[{'id': 721, 'main': 'Haze', 'description': 'haze', 'icon': '50n'}]",320,1.5,haze,50n,721,Haze
stations,75,200,3.12,101.68,1538263800,1735161,83,1008,298.62,299.15,298.15,Kuala Lumpur,MY,8132,0.0243,1538262043,1538305561,1,6000,"[{'id': 721, 'main': 'Haze', 'description': 'haze', 'icon': '50n'}]",1,haze,50n,721,Haze
stations,75,200,3.12,101.68,1538265600,1735161,88,1009,298.68,299.15,298.15,Kuala Lumpur,MY,8138,0.0048,1538262042,1538305560,1,3000,"[{'id': 721, 'main': 'Haze', 'description': 'haze', 'icon': '50d'}]",59.5008,1.41,haze,50d,721,Haze
stations,75,200,3.12,101.68,1538267400,1735161,83,1009,299.1,300.15,298.15,Kuala Lumpur,MY,8132,0.0055,1538262042,1538305560,1,8000,"[{'id': 721, 'main': 'Haze', 'description': 'haze', 'icon': '50d'}]",1,haze,50d,721,Haze
stations,75,200,3.12,101.68,1538269200,1735161,83,1010,300.68,301.15,300.15,Kuala Lumpur,MY,8138,0.0051,1538262042,1538305559,1,5000,"[{'id': 721, 'main': 'Haze', 'description': 'haze', 'icon': '50d'}]",1.5,haze,50d,721,Haze
stations,75,200,3.12,101.68,1538271000,1735161,70,1009,301.58,303.15,300.15,Kuala Lumpur,MY,8132,0.0069,1538262041,1538305559,1,10000,"[{'id': 721, 'main': 'Haze', 'description': 'haze', 'icon': '50d'}]",10,1.5,haze,50d,721,Haze
stations,75,200,3.12,101.68,1538272800,1735161,74,1010,303.21,304.15,302.15,Kuala Lumpur,MY,8138,0.009,1538262041,1538305558,1,9000,"[{'id': 803, 'main': 'Clouds', 'description': 'broken clouds', 'icon': '04d'}]",300,1.5,broken clouds,04d,803,Clouds
stations,75,200,3.12,101.68,1538274600,1735161,55,1009,303.57,305.15,302.15,Kuala Lumpur,MY,8132,0.0072,1538262041,1538305558,1,10000,"[{'id': 803, 'main': 'Clouds', 'description': 'broken clouds', 'icon': '04d'}]",1.5,broken clouds,04d,803,Clouds
stations,75,200,3.12,101.68,1538276400,1735161,62,1010,304.68,305.15,304.15,Kuala Lumpur,MY,8138,0.0055,1538262041,1538305557,1,10000,"[{'id': 803, 'main': 'Clouds', 'description': 'broken clouds', 'icon': '04d'}]",1,broken clouds,04d,803,Clouds
stations,75,200,3.12,101.68,1538278200,1735161,52,1009,305.1,306.15,304.15,Kuala Lumpur,MY,8132,0.0046,1538262040,1538305557,1,10000,"[{'id': 803, 'main': 'Clouds', 'description': 'broken clouds', 'icon': '04d'}]",2.6,broken clouds,04d,803,Clouds
stations,75,200,3.12,101.68,1538280000,1735161,59,1009,306.15,306.15,306.15,Kuala Lumpur,MY,8138,0.0049,1538262040,1538305556,1,10000,"[{'id': 803, 'main': 'Clouds', 'description': 'broken clouds', 'icon': '04d'}]",1.5,broken clouds,04d,803,Clouds
stations,75,200,3.12,101.68,1538281800,1735161,55,1008,306.15,306.15,306.15,Kuala Lumpur,MY,8132,0.0052,1538262040,1538305556,1,10000,"[{'id': 803, 'main': 'Clouds', 'description': 'broken clouds', 'icon': '04d'}]",2.6,broken clouds,04d,803,Clouds
stations,75,200,3.12,101.68,1538283600,1735161,52,1008,306.62,307.15,306.15,Kuala Lumpur,MY,8138,0.0048,1538262039,1538305555,1,10000,"[{'id': 803, 'main': 'Clouds', 'description': 'broken clouds', 'icon': '04d'}]",200,2.6,broken clouds,04d,803,Clouds
stations,75,200,3.12,101.68,1538285400,1735161,56,1008,307.15,307.15,307.15,Kuala Lumpur,MY,8132,0.0047,1538262039,1538305555,1,10000,"[{'id': 803, 'main': 'Clouds', 'description': 'broken clouds', 'icon': '04d'}]",180,3.1,broken clouds,04d,803,Clouds
stations,75,200,3.12,101.68,1538287200,1735161,49,1007,307.15,307.15,307.15,Kuala Lumpur,MY,8138,0.0056,1538262039,1538305554,1,10000,"[{'id': 803, 'main': 'Clouds', 'description': 'broken clouds', 'icon': '04d'}]",190,3.6,broken clouds,04d,803,Clouds
stations,75,200,3.12,101.68,1538289000,1735161,56,1007,307.15,307.15,307.15,Kuala Lumpur,MY,8132,0.0056,1538262038,1538305554,1,10000,"[{'id': 803, 'main': 'Clouds', 'description': 'broken clouds', 'icon': '04d'}]",3.1,broken clouds,04d,803,Clouds
stations,75,200,3.12,101.68,1538290800,1735161,59,1006,306.68,307.15,306.15,Kuala Lumpur,MY,8138,0.0059,1538262038,1538305553,1,10000,"[{'id': 803, 'main': 'Clouds', 'description': 'broken clouds', 'icon': '04d'}]",240,4.1,broken clouds,04d,803,Clouds
stations,75,200,3.12,101.68,1538292600,1735161,52,1005,306.62,307.15,306.15,Kuala Lumpur,MY,8132,0.0068,1538262038,1538305553,1,10000,"[{'id': 803, 'main': 'Clouds', 'description': 'broken clouds', 'icon': '04d'}]",160,3.6,broken clouds,04d,803,Clouds
stations,75,200,3.12,101.68,1538294400,1735161,63,1005,306.68,307.15,306.15,Kuala Lumpur,MY,8138,0.0059,1538262037,1538305552,1,10000,"[{'id': 803, 'main': 'Clouds', 'description': 'broken clouds', 'icon': '04d'}]",270,2.6,broken clouds,04d,803,Clouds
stations,75,200,3.12,101.68,1538296200,1735161,55,1005,306.15,306.15,306.15,Kuala Lumpur,MY,8132,0.0058,1538262037,1538305552,1,10000,"[{'id': 803, 'main': 'Clouds', 'description': 'broken clouds', 'icon': '04d'}]",180,4.1,broken clouds,04d,803,Clouds
stations,75,200,3.12,101.68,1538298000,1735161,62,1005,305.15,305.15,305.15,Kuala Lumpur,MY,8138,0.0065,1538262037,1538305551,1,10000,"[{'id': 803, 'main': 'Clouds', 'description': 'broken clouds', 'icon': '04d'}]",280,3.6,broken clouds,04d,803,Clouds
stations,75,200,3.12,101.68,1538299800,1735161,59,1005,305.15,305.15,305.15,Kuala Lumpur,MY,8132,0.0528,1538262036,1538305551,1,10000,"[{'id': 803, 'main': 'Clouds', 'description': 'broken clouds', 'icon': '04d'}]",160,3.6,broken clouds,04d,803,Clouds
stations,75,200,3.12,101.68,1538301600,1735161,88,1006,302.27,304.15,300.15,Kuala Lumpur,MY,8138,0.0061,1538262036,1538305550,1,1500,"[{'id': 502, 'main': 'Rain', 'description': 'heavy intensity rain', 'icon': '10d'}]",270,6.2,heavy intensity rain,10d,502,Rain
stations,75,200,3.12,101.68,1538303400,1735161,66,1006,302.05,304.15,300.15,Kuala Lumpur,MY,8132,0.0064,1538262036,1538305550,1,10000,"[{'id': 502, 'main': 'Rain', 'description': 'heavy intensity rain', 'icon': '10d'}]",170,2.6,heavy intensity rain,10d,502,Rain
stations,75,200,3.12,101.68,1538305200,1735161,88,1007,301.27,303.15,299.15,Kuala Lumpur,MY,8138,0.0052,1538262036,1538305549,1,6000,"[{'id': 803, 'main': 'Clouds', 'description': 'broken clouds', 'icon': '04d'}]",290,3.1,broken clouds,04d,803,Clouds
stations,75,200,3.12,101.68,1538307000,1735161,74,1007,301.05,303.15,299.15,Kuala Lumpur,MY,8132,0.0088,1538262035,1538305549,1,10000,"[{'id': 803, 'main': 'Clouds', 'description': 'broken clouds', 'icon': '04n'}]",1,broken clouds,04n,803,Clouds
stations,75,200,3.12,101.68,1538308800,1735161,88,1008,300.74,302.15,299.15,Kuala Lumpur,MY,8138,0.0946,1538262035,1538305548,1,5000,"[{'id': 721, 'main': 'Haze', 'description': 'haze', 'icon': '50n'}]",1,haze,50n,721,Haze
stations,75,200,3.12,101.68,1538308800,1735161,88,1008,299.15,299.15,299.15,Kuala Lumpur,MY,8138,0.0059,1538262035,1538305547,1,5000,"[{'id': 721, 'main': 'Haze', 'description': 'haze', 'icon': '50n'}]",1,haze,50n,721,Haze
stations,75,200,3.12,101.68,1538312400,1735161,88,1008,300.74,302.15,299.15,Kuala Lumpur,MY,8138,0.0111,1538262034,1538305547,1,4000,"[{'id': 721, 'main': 'Haze', 'description': 'haze', 'icon': '50n'}]",0.5,haze,50n,721,Haze
stations,75,200,3.12,101.68,1538314200,1735161,79,1008,300.57,302.15,299.15,Kuala Lumpur,MY,8132,0.0051,1538262034,1538305546,1,10000,"[{'id': 721, 'main': 'Haze', 'description': 'haze', 'icon': '50n'}]",1,haze,50n,721,Haze
stations,75,200,3.12,101.68,1538316000,1735161,94,1009,300.74,302.15,299.15,Kuala Lumpur,MY,8138,0.0076,1538262034,1538305546,1,4000,"[{'id': 721, 'main': 'Haze', 'description': 'haze', 'icon': '50n'}]",0.5,haze,50n,721,Haze
stations,75,200,3.12,101.68,1538317800,1735161,79,1009,300.57,302.15,299.15,Kuala Lumpur,MY,8132,0.0348,1538262033,1538305545,1,10000,"[{'id': 721, 'main': 'Haze', 'description': 'haze', 'icon': '50n'}]",1,haze,50n,721,Haze
stations,75,200,3.12,101.68,1538319600,1735161,94,1010,300.74,302.15,299.15,Kuala Lumpur,MY,8138,0.0053,1538262033,1538305545,1,3000,"[{'id': 701, 'main': 'Mist', 'description': 'mist', 'icon': '50n'}]",5.00119,1.63,mist,50n,701,Mist
